original,patched
https://github.com/actor-framework/actor-framework/commit/474f993ba60944ec84a741d46aef83854c96a3db,https://github.com/vizual1/opt-repo-cpp/tree/main/data/patch/actor-framework_actor-framework_474f993ba60944ec84a741d46aef83854c96a3db.patch
https://github.com/actor-framework/actor-framework/commit/6e6d2f809a98345eb900c36dc220b2cefad0c319,https://github.com/vizual1/opt-repo-cpp/tree/main/data/patch/actor-framework_actor-framework_6e6d2f809a98345eb900c36dc220b2cefad0c319.patch
https://github.com/ccache/ccache/commit/04293ba23cd0d83ab9c9c0904c5ce6846e950022,https://github.com/vizual1/opt-repo-cpp/tree/main/data/patch/ccache_ccache_04293ba23cd0d83ab9c9c0904c5ce6846e950022.patch
https://github.com/ccache/ccache/commit/0437820b47abe55e49f5fdb2ed189c4a1f23a611,https://github.com/vizual1/opt-repo-cpp/tree/main/data/patch/ccache_ccache_0437820b47abe55e49f5fdb2ed189c4a1f23a611.patch
https://github.com/ccache/ccache/commit/0aac6ad5cd6db08d2481e1a2ea8c69a28b24424a,https://github.com/vizual1/opt-repo-cpp/tree/main/data/patch/ccache_ccache_0aac6ad5cd6db08d2481e1a2ea8c69a28b24424a.patch
https://github.com/ccache/ccache/commit/1eb0aa5b9bcf74bd2ca6f161e406da64ccd349af,https://github.com/vizual1/opt-repo-cpp/tree/main/data/patch/ccache_ccache_1eb0aa5b9bcf74bd2ca6f161e406da64ccd349af.patch
https://github.com/ccache/ccache/commit/445af8a6d7c1865e86d988839b261de54c4833b7,https://github.com/vizual1/opt-repo-cpp/tree/main/data/patch/ccache_ccache_445af8a6d7c1865e86d988839b261de54c4833b7.patch
https://github.com/ccache/ccache/commit/4905b1afacb01bff907b89dd4b05dff66b31790b,https://github.com/vizual1/opt-repo-cpp/tree/main/data/patch/ccache_ccache_4905b1afacb01bff907b89dd4b05dff66b31790b.patch
https://github.com/ccache/ccache/commit/5d94ee28ae08742cb1235cc9b43c297da516ad4d,https://github.com/vizual1/opt-repo-cpp/tree/main/data/patch/ccache_ccache_5d94ee28ae08742cb1235cc9b43c297da516ad4d.patch
https://github.com/ccache/ccache/commit/69d511f8aeced5aed9a438256668e604006f8aa0,https://github.com/vizual1/opt-repo-cpp/tree/main/data/patch/ccache_ccache_69d511f8aeced5aed9a438256668e604006f8aa0.patch
https://github.com/ccache/ccache/commit/7213a771410d289187d07f998054b8c900b4aba6,https://github.com/vizual1/opt-repo-cpp/tree/main/data/patch/ccache_ccache_7213a771410d289187d07f998054b8c900b4aba6.patch
https://github.com/ccache/ccache/commit/83565e24e13f5f7f81bb8b6d93e980784dbc0b04,https://github.com/vizual1/opt-repo-cpp/tree/main/data/patch/ccache_ccache_83565e24e13f5f7f81bb8b6d93e980784dbc0b04.patch
https://github.com/ccache/ccache/commit/971f1183568afd12af714936546c602940279c28,https://github.com/vizual1/opt-repo-cpp/tree/main/data/patch/ccache_ccache_971f1183568afd12af714936546c602940279c28.patch
https://github.com/ccache/ccache/commit/a5cfc7f9012fcf0e3ef6e31f857a85715fad35cb,https://github.com/vizual1/opt-repo-cpp/tree/main/data/patch/ccache_ccache_a5cfc7f9012fcf0e3ef6e31f857a85715fad35cb.patch
https://github.com/ccache/ccache/commit/b56be2e24431d4f652c16dbfffff2f966f2a8004,https://github.com/vizual1/opt-repo-cpp/tree/main/data/patch/ccache_ccache_b56be2e24431d4f652c16dbfffff2f966f2a8004.patch
https://github.com/ccache/ccache/commit/b59f21d608e4f7d0a2d17965aa1f2f6fa7f643ff,https://github.com/vizual1/opt-repo-cpp/tree/main/data/patch/ccache_ccache_b59f21d608e4f7d0a2d17965aa1f2f6fa7f643ff.patch
https://github.com/ccache/ccache/commit/c56b4a00ffa81cd720454312aa63959e578f3bb8,https://github.com/vizual1/opt-repo-cpp/tree/main/data/patch/ccache_ccache_c56b4a00ffa81cd720454312aa63959e578f3bb8.patch
https://github.com/ccache/ccache/commit/d448fad859b8811050d8136bba905f73467cef49,https://github.com/vizual1/opt-repo-cpp/tree/main/data/patch/ccache_ccache_d448fad859b8811050d8136bba905f73467cef49.patch
https://github.com/ccache/ccache/commit/fb6291627272237fd3c7f75c05efa8d7dc32069e,https://github.com/vizual1/opt-repo-cpp/tree/main/data/patch/ccache_ccache_fb6291627272237fd3c7f75c05efa8d7dc32069e.patch
https://github.com/crowcpp/crow/commit/ae8643a1b638d18f57b7cd90a3ef8653f4c7ba50,https://github.com/vizual1/opt-repo-cpp/tree/main/data/patch/crowcpp_crow_ae8643a1b638d18f57b7cd90a3ef8653f4c7ba50.patch
https://github.com/descentdevelopers/descent3/commit/2db85ca6ecd46ff31035f59cd409477e81d4e0e7,https://github.com/vizual1/opt-repo-cpp/tree/main/data/patch/descentdevelopers_descent3_2db85ca6ecd46ff31035f59cd409477e81d4e0e7.patch
https://github.com/ecnerwala/cp-book/commit/74f1888fd4f8dca7af4966ade9de24b127313f8d,https://github.com/vizual1/opt-repo-cpp/tree/main/data/patch/ecnerwala_cp-book_74f1888fd4f8dca7af4966ade9de24b127313f8d.patch
https://github.com/eliaskosunen/scnlib/commit/a2b5720ad339f9aeba370e87c3f46fa93cdc8bf4,https://github.com/vizual1/opt-repo-cpp/tree/main/data/patch/eliaskosunen_scnlib_a2b5720ad339f9aeba370e87c3f46fa93cdc8bf4.patch
https://github.com/eliaskosunen/scnlib/commit/adf07a7cefe94c68549eda16a217e2c5296b2bc6,https://github.com/vizual1/opt-repo-cpp/tree/main/data/patch/eliaskosunen_scnlib_adf07a7cefe94c68549eda16a217e2c5296b2bc6.patch
https://github.com/eliaskosunen/scnlib/commit/e2ac4e50d8f258c281300e5925fc300902f9588e,https://github.com/vizual1/opt-repo-cpp/tree/main/data/patch/eliaskosunen_scnlib_e2ac4e50d8f258c281300e5925fc300902f9588e.patch
https://github.com/eliaskosunen/scnlib/commit/f26b24d29cf505453d97ee6205ea7faa59a9bea2,https://github.com/vizual1/opt-repo-cpp/tree/main/data/patch/eliaskosunen_scnlib_f26b24d29cf505453d97ee6205ea7faa59a9bea2.patch
https://github.com/ergo-code/highs/commit/0a14fee3f6a2f0630e37b493794e85f7d6c81d48,https://github.com/vizual1/opt-repo-cpp/tree/main/data/patch/ergo-code_highs_0a14fee3f6a2f0630e37b493794e85f7d6c81d48.patch
https://github.com/ergo-code/highs/commit/10101ad997117b63a4c854c409f9d645324cfc0b,https://github.com/vizual1/opt-repo-cpp/tree/main/data/patch/ergo-code_highs_10101ad997117b63a4c854c409f9d645324cfc0b.patch
https://github.com/ergo-code/highs/commit/3559715f224dd2ddba257d1d1194f512367feca5,https://github.com/vizual1/opt-repo-cpp/tree/main/data/patch/ergo-code_highs_3559715f224dd2ddba257d1d1194f512367feca5.patch
https://github.com/ergo-code/highs/commit/3a782e7492ae57cabccd63ce926923e43a726043,https://github.com/vizual1/opt-repo-cpp/tree/main/data/patch/ergo-code_highs_3a782e7492ae57cabccd63ce926923e43a726043.patch
https://github.com/ergo-code/highs/commit/4a004bf6a7d593269f04a6d24039abe5cd0f9030,https://github.com/vizual1/opt-repo-cpp/tree/main/data/patch/ergo-code_highs_4a004bf6a7d593269f04a6d24039abe5cd0f9030.patch
https://github.com/ergo-code/highs/commit/50ede25128481330fce6f3bbbcebaede9374c9bb,https://github.com/vizual1/opt-repo-cpp/tree/main/data/patch/ergo-code_highs_50ede25128481330fce6f3bbbcebaede9374c9bb.patch
https://github.com/ergo-code/highs/commit/5addb609e0d3bce9fe6aebe86dff602e2f51b7c5,https://github.com/vizual1/opt-repo-cpp/tree/main/data/patch/ergo-code_highs_5addb609e0d3bce9fe6aebe86dff602e2f51b7c5.patch
https://github.com/ergo-code/highs/commit/711f1812f5fa300fbf60096bd1e5805fe5344060,https://github.com/vizual1/opt-repo-cpp/tree/main/data/patch/ergo-code_highs_711f1812f5fa300fbf60096bd1e5805fe5344060.patch
https://github.com/ergo-code/highs/commit/7a799cca6c8b907ec440dfcb0c1f855014d606ea,https://github.com/vizual1/opt-repo-cpp/tree/main/data/patch/ergo-code_highs_7a799cca6c8b907ec440dfcb0c1f855014d606ea.patch
https://github.com/ergo-code/highs/commit/86de3b948f1054b454e4e9dee29a123e1035ea85,https://github.com/vizual1/opt-repo-cpp/tree/main/data/patch/ergo-code_highs_86de3b948f1054b454e4e9dee29a123e1035ea85.patch
https://github.com/ergo-code/highs/commit/9e085b18d11a236aff211f8962d49f4f69ef825c,https://github.com/vizual1/opt-repo-cpp/tree/main/data/patch/ergo-code_highs_9e085b18d11a236aff211f8962d49f4f69ef825c.patch
https://github.com/ergo-code/highs/commit/a251c86c9cacf95810190e93e8051b297078d699,https://github.com/vizual1/opt-repo-cpp/tree/main/data/patch/ergo-code_highs_a251c86c9cacf95810190e93e8051b297078d699.patch
https://github.com/ergo-code/highs/commit/a2a3a4e898fdc7b96e67ccfaba43cd905e52e255,https://github.com/vizual1/opt-repo-cpp/tree/main/data/patch/ergo-code_highs_a2a3a4e898fdc7b96e67ccfaba43cd905e52e255.patch
https://github.com/ergo-code/highs/commit/ba3e28db61d8b470721f87bf1ce868852d75ed00,https://github.com/vizual1/opt-repo-cpp/tree/main/data/patch/ergo-code_highs_ba3e28db61d8b470721f87bf1ce868852d75ed00.patch
https://github.com/ergo-code/highs/commit/c1b85ec74d80b673b22d729122445e5eb08bdbe3,https://github.com/vizual1/opt-repo-cpp/tree/main/data/patch/ergo-code_highs_c1b85ec74d80b673b22d729122445e5eb08bdbe3.patch
https://github.com/ergo-code/highs/commit/dae914a669d6dbd3930f5fe1c6c3afa37149e8bb,https://github.com/vizual1/opt-repo-cpp/tree/main/data/patch/ergo-code_highs_dae914a669d6dbd3930f5fe1c6c3afa37149e8bb.patch
https://github.com/ergo-code/highs/commit/dc27d3497fc6f2719044c40d54c3eef4f7f9901c,https://github.com/vizual1/opt-repo-cpp/tree/main/data/patch/ergo-code_highs_dc27d3497fc6f2719044c40d54c3eef4f7f9901c.patch
https://github.com/ergo-code/highs/commit/e13ff62f5eb5b8b6713bff4bde5a22273f0c3496,https://github.com/vizual1/opt-repo-cpp/tree/main/data/patch/ergo-code_highs_e13ff62f5eb5b8b6713bff4bde5a22273f0c3496.patch
https://github.com/ergo-code/highs/commit/e2f0b52cd3036623617f1a3407c78970d0b7f49e,https://github.com/vizual1/opt-repo-cpp/tree/main/data/patch/ergo-code_highs_e2f0b52cd3036623617f1a3407c78970d0b7f49e.patch
https://github.com/ergo-code/highs/commit/e51eff2dc154cb7699b3542462771c831460573d,https://github.com/vizual1/opt-repo-cpp/tree/main/data/patch/ergo-code_highs_e51eff2dc154cb7699b3542462771c831460573d.patch
https://github.com/ergo-code/highs/commit/efb75a038695f16af1b4d9972e21375ec353f3a9,https://github.com/vizual1/opt-repo-cpp/tree/main/data/patch/ergo-code_highs_efb75a038695f16af1b4d9972e21375ec353f3a9.patch
https://github.com/ergo-code/highs/commit/fb1da5312c85047ede52539f0544bcd31d77fc97,https://github.com/vizual1/opt-repo-cpp/tree/main/data/patch/ergo-code_highs_fb1da5312c85047ede52539f0544bcd31d77fc97.patch
https://github.com/fmtlib/fmt/commit/067bc479b4ac16df42e67b8842c5d852bf6292c3,https://github.com/vizual1/opt-repo-cpp/tree/main/data/patch/fmtlib_fmt_067bc479b4ac16df42e67b8842c5d852bf6292c3.patch
https://github.com/fmtlib/fmt/commit/4cce5f458d2e8a5ecbad0ffddc048eb56409b5e6,https://github.com/vizual1/opt-repo-cpp/tree/main/data/patch/fmtlib_fmt_4cce5f458d2e8a5ecbad0ffddc048eb56409b5e6.patch
https://github.com/fmtlib/fmt/commit/8a06cee8262f0f5932254261233dd4d386d9f252,https://github.com/vizual1/opt-repo-cpp/tree/main/data/patch/fmtlib_fmt_8a06cee8262f0f5932254261233dd4d386d9f252.patch
https://github.com/fmtlib/fmt/commit/93f03953af6b0268e1a29bb5b23d50f72b87a151,https://github.com/vizual1/opt-repo-cpp/tree/main/data/patch/fmtlib_fmt_93f03953af6b0268e1a29bb5b23d50f72b87a151.patch
https://github.com/fmtlib/fmt/commit/c9102619da70319a4a298699ce0eeb3221cd2d5a,https://github.com/vizual1/opt-repo-cpp/tree/main/data/patch/fmtlib_fmt_c9102619da70319a4a298699ce0eeb3221cd2d5a.patch
https://github.com/fmtlib/fmt/commit/db06b0df875856968c562d564b595a4e2861144e,https://github.com/vizual1/opt-repo-cpp/tree/main/data/patch/fmtlib_fmt_db06b0df875856968c562d564b595a4e2861144e.patch
https://github.com/foonathan/lexy/commit/23a4fd103417efd4552bd1e32b2a0326294a42be,https://github.com/vizual1/opt-repo-cpp/tree/main/data/patch/foonathan_lexy_23a4fd103417efd4552bd1e32b2a0326294a42be.patch
https://github.com/fraillt/bitsery/commit/be2f2953108c623cb21ebea1aee7ed7964ff3fd9,https://github.com/vizual1/opt-repo-cpp/tree/main/data/patch/fraillt_bitsery_be2f2953108c623cb21ebea1aee7ed7964ff3fd9.patch
https://github.com/gabime/spdlog/commit/2989e998ee21308c8a58b2edf207f679061a8f3f,https://github.com/vizual1/opt-repo-cpp/tree/main/data/patch/gabime_spdlog_2989e998ee21308c8a58b2edf207f679061a8f3f.patch
https://github.com/gabime/spdlog/commit/6d587f51811e2a68680707540d7b617a62da8bc9,https://github.com/vizual1/opt-repo-cpp/tree/main/data/patch/gabime_spdlog_6d587f51811e2a68680707540d7b617a62da8bc9.patch
https://github.com/gabime/spdlog/commit/6d8efa8d7f5083eba96fc39a24357c97fca744a6,https://github.com/vizual1/opt-repo-cpp/tree/main/data/patch/gabime_spdlog_6d8efa8d7f5083eba96fc39a24357c97fca744a6.patch
https://github.com/gabime/spdlog/commit/b4dcd592d85438f328c5b41f1a591a2cfb7cd182,https://github.com/vizual1/opt-repo-cpp/tree/main/data/patch/gabime_spdlog_b4dcd592d85438f328c5b41f1a591a2cfb7cd182.patch
https://github.com/gabime/spdlog/commit/bd5a81df7092c899b63c3f1bc3792a5f97113cc4,https://github.com/vizual1/opt-repo-cpp/tree/main/data/patch/gabime_spdlog_bd5a81df7092c899b63c3f1bc3792a5f97113cc4.patch
https://github.com/gabime/spdlog/commit/d3c1ad29a064d001da2435db56f159784ef54964,https://github.com/vizual1/opt-repo-cpp/tree/main/data/patch/gabime_spdlog_d3c1ad29a064d001da2435db56f159784ef54964.patch
https://github.com/gizmodata/gizmosql/commit/3be1613b27671e61ab73c41601025a0612919a45,https://github.com/vizual1/opt-repo-cpp/tree/main/data/patch/gizmodata_gizmosql_3be1613b27671e61ab73c41601025a0612919a45.patch
https://github.com/google/highway/commit/0a7424871aac7838722604a7e68e6c8d65ab41f8,https://github.com/vizual1/opt-repo-cpp/tree/main/data/patch/google_highway_0a7424871aac7838722604a7e68e6c8d65ab41f8.patch
https://github.com/google/highway/commit/1b71e47818292cdd9406dca1048a237f79ca9f45,https://github.com/vizual1/opt-repo-cpp/tree/main/data/patch/google_highway_1b71e47818292cdd9406dca1048a237f79ca9f45.patch
https://github.com/google/highway/commit/1d239144f86895a8ad6495c41b19e23a07e326a7,https://github.com/vizual1/opt-repo-cpp/tree/main/data/patch/google_highway_1d239144f86895a8ad6495c41b19e23a07e326a7.patch
https://github.com/google/highway/commit/1d91d698ba14d6a6fb63eecc7e2ba446213c00bc,https://github.com/vizual1/opt-repo-cpp/tree/main/data/patch/google_highway_1d91d698ba14d6a6fb63eecc7e2ba446213c00bc.patch
https://github.com/google/highway/commit/1fe1df0583ace85231480f30e469add41c6cc2fc,https://github.com/vizual1/opt-repo-cpp/tree/main/data/patch/google_highway_1fe1df0583ace85231480f30e469add41c6cc2fc.patch
https://github.com/google/highway/commit/250c78a351a890460ac6deadef9e60963855c9c8,https://github.com/vizual1/opt-repo-cpp/tree/main/data/patch/google_highway_250c78a351a890460ac6deadef9e60963855c9c8.patch
https://github.com/google/highway/commit/2b0ea1d9e3c59d7fe5972ec9317a1030f203c282,https://github.com/vizual1/opt-repo-cpp/tree/main/data/patch/google_highway_2b0ea1d9e3c59d7fe5972ec9317a1030f203c282.patch
https://github.com/google/highway/commit/343dff07d47d6198ae46b0956287259f41c7e6d6,https://github.com/vizual1/opt-repo-cpp/tree/main/data/patch/google_highway_343dff07d47d6198ae46b0956287259f41c7e6d6.patch
https://github.com/google/highway/commit/4432a9a32ea49aab0d4d08d41f776e980b7ec9cc,https://github.com/vizual1/opt-repo-cpp/tree/main/data/patch/google_highway_4432a9a32ea49aab0d4d08d41f776e980b7ec9cc.patch
https://github.com/google/highway/commit/47049e0f215038e3812dc2191fb9c0caa5167791,https://github.com/vizual1/opt-repo-cpp/tree/main/data/patch/google_highway_47049e0f215038e3812dc2191fb9c0caa5167791.patch
https://github.com/google/highway/commit/4718e6b79e3bab84fc8390f16589b423cffd7ac3,https://github.com/vizual1/opt-repo-cpp/tree/main/data/patch/google_highway_4718e6b79e3bab84fc8390f16589b423cffd7ac3.patch
https://github.com/google/highway/commit/4a2426f0143720ad7985bddd25635738631001b9,https://github.com/vizual1/opt-repo-cpp/tree/main/data/patch/google_highway_4a2426f0143720ad7985bddd25635738631001b9.patch
https://github.com/google/highway/commit/5186a8d3fff6a86a17c3a49ec8660535beabf9f4,https://github.com/vizual1/opt-repo-cpp/tree/main/data/patch/google_highway_5186a8d3fff6a86a17c3a49ec8660535beabf9f4.patch
https://github.com/google/highway/commit/57ee09cfa3016aaf014c6b5113fc8b4be0a4a8ca,https://github.com/vizual1/opt-repo-cpp/tree/main/data/patch/google_highway_57ee09cfa3016aaf014c6b5113fc8b4be0a4a8ca.patch
https://github.com/google/highway/commit/5911e2a0a201d1b9eae7ed874dcef418b0bc3c2f,https://github.com/vizual1/opt-repo-cpp/tree/main/data/patch/google_highway_5911e2a0a201d1b9eae7ed874dcef418b0bc3c2f.patch
https://github.com/google/highway/commit/5a77105c6be2954e243a26be58dab8a5da3a28b4,https://github.com/vizual1/opt-repo-cpp/tree/main/data/patch/google_highway_5a77105c6be2954e243a26be58dab8a5da3a28b4.patch
https://github.com/google/highway/commit/5c59b97ced8999a83f9f60530a6708ca8e1934d4,https://github.com/vizual1/opt-repo-cpp/tree/main/data/patch/google_highway_5c59b97ced8999a83f9f60530a6708ca8e1934d4.patch
https://github.com/google/highway/commit/65014038b43bbc6112c956e5474fb2ce80f01c03,https://github.com/vizual1/opt-repo-cpp/tree/main/data/patch/google_highway_65014038b43bbc6112c956e5474fb2ce80f01c03.patch
https://github.com/google/highway/commit/6ed8c6f7acb96f2932530a92500bcb78fa296418,https://github.com/vizual1/opt-repo-cpp/tree/main/data/patch/google_highway_6ed8c6f7acb96f2932530a92500bcb78fa296418.patch
https://github.com/google/highway/commit/704ef25a87edf547fc4375a2692b8e5f59cf8ea6,https://github.com/vizual1/opt-repo-cpp/tree/main/data/patch/google_highway_704ef25a87edf547fc4375a2692b8e5f59cf8ea6.patch
https://github.com/google/highway/commit/71d23700802ca7c79b5f3da97aec4ead455901f5,https://github.com/vizual1/opt-repo-cpp/tree/main/data/patch/google_highway_71d23700802ca7c79b5f3da97aec4ead455901f5.patch
https://github.com/google/highway/commit/732a3e227e74fc5526f1485beff2749434f1d82f,https://github.com/vizual1/opt-repo-cpp/tree/main/data/patch/google_highway_732a3e227e74fc5526f1485beff2749434f1d82f.patch
https://github.com/google/highway/commit/774696b4e1b032ad8d1011edb8331a1d666de020,https://github.com/vizual1/opt-repo-cpp/tree/main/data/patch/google_highway_774696b4e1b032ad8d1011edb8331a1d666de020.patch
https://github.com/google/highway/commit/774b546cd93411f2fdea8454b49340dcc2ebf420,https://github.com/vizual1/opt-repo-cpp/tree/main/data/patch/google_highway_774b546cd93411f2fdea8454b49340dcc2ebf420.patch
https://github.com/google/highway/commit/7f0cd9161665f8a644b5f4ead8bb0409749569d8,https://github.com/vizual1/opt-repo-cpp/tree/main/data/patch/google_highway_7f0cd9161665f8a644b5f4ead8bb0409749569d8.patch
https://github.com/google/highway/commit/8365c57870eca18bb577d2ef1dcbc27bdad0f43d,https://github.com/vizual1/opt-repo-cpp/tree/main/data/patch/google_highway_8365c57870eca18bb577d2ef1dcbc27bdad0f43d.patch
https://github.com/google/highway/commit/846bbc6bacdf6558c3529e46e3353cdd84b11eb6,https://github.com/vizual1/opt-repo-cpp/tree/main/data/patch/google_highway_846bbc6bacdf6558c3529e46e3353cdd84b11eb6.patch
https://github.com/google/highway/commit/895e520d99be0fbe538cac2044c7b9ef3fff1101,https://github.com/vizual1/opt-repo-cpp/tree/main/data/patch/google_highway_895e520d99be0fbe538cac2044c7b9ef3fff1101.patch
https://github.com/google/highway/commit/8a5b2f80749a79fc07baa994cf1bad3685a6de83,https://github.com/vizual1/opt-repo-cpp/tree/main/data/patch/google_highway_8a5b2f80749a79fc07baa994cf1bad3685a6de83.patch
https://github.com/google/highway/commit/913b6c812292fd35d4b0a159612eece863b6a30d,https://github.com/vizual1/opt-repo-cpp/tree/main/data/patch/google_highway_913b6c812292fd35d4b0a159612eece863b6a30d.patch
https://github.com/google/highway/commit/92c0c2e8b015a9aae0d54e0779881c410d601c1f,https://github.com/vizual1/opt-repo-cpp/tree/main/data/patch/google_highway_92c0c2e8b015a9aae0d54e0779881c410d601c1f.patch
https://github.com/google/highway/commit/99fb01e6d854b812056fe68419355bc851958d14,https://github.com/vizual1/opt-repo-cpp/tree/main/data/patch/google_highway_99fb01e6d854b812056fe68419355bc851958d14.patch
https://github.com/google/highway/commit/a0b07d08a6a0b1f298cbb02a91f3dedec02e1633,https://github.com/vizual1/opt-repo-cpp/tree/main/data/patch/google_highway_a0b07d08a6a0b1f298cbb02a91f3dedec02e1633.patch
https://github.com/google/highway/commit/a8bafcb53c1f1167f077f78be9e8a02b9ae16dbe,https://github.com/vizual1/opt-repo-cpp/tree/main/data/patch/google_highway_a8bafcb53c1f1167f077f78be9e8a02b9ae16dbe.patch
https://github.com/google/highway/commit/ab066c4da4cb744f1c1743dfcf05ef9d68ebb01b,https://github.com/vizual1/opt-repo-cpp/tree/main/data/patch/google_highway_ab066c4da4cb744f1c1743dfcf05ef9d68ebb01b.patch
https://github.com/google/highway/commit/af870182b88d92a7e9744f633103bd8675531827,https://github.com/vizual1/opt-repo-cpp/tree/main/data/patch/google_highway_af870182b88d92a7e9744f633103bd8675531827.patch
https://github.com/google/highway/commit/b57456870ed10b1dd5e3c0754619ac2dbd67b070,https://github.com/vizual1/opt-repo-cpp/tree/main/data/patch/google_highway_b57456870ed10b1dd5e3c0754619ac2dbd67b070.patch
https://github.com/google/highway/commit/b61761af8917e5dea18a13f0ff8c845dd0971e05,https://github.com/vizual1/opt-repo-cpp/tree/main/data/patch/google_highway_b61761af8917e5dea18a13f0ff8c845dd0971e05.patch
https://github.com/google/highway/commit/c31f234cc0bce57700d7dad8bea84a433505a50a,https://github.com/vizual1/opt-repo-cpp/tree/main/data/patch/google_highway_c31f234cc0bce57700d7dad8bea84a433505a50a.patch
https://github.com/google/highway/commit/c6a4bd345fa4858a49011fffabcab34578204433,https://github.com/vizual1/opt-repo-cpp/tree/main/data/patch/google_highway_c6a4bd345fa4858a49011fffabcab34578204433.patch
https://github.com/google/highway/commit/c9295a6822fc332099d4c037a44ac56b64b85e05,https://github.com/vizual1/opt-repo-cpp/tree/main/data/patch/google_highway_c9295a6822fc332099d4c037a44ac56b64b85e05.patch
https://github.com/google/highway/commit/d0e4aba5a280ed4fa500b0ae7dd6210f46523df1,https://github.com/vizual1/opt-repo-cpp/tree/main/data/patch/google_highway_d0e4aba5a280ed4fa500b0ae7dd6210f46523df1.patch
https://github.com/google/highway/commit/d256a6e835376083aa86bd254b37a9dd6fb2fab3,https://github.com/vizual1/opt-repo-cpp/tree/main/data/patch/google_highway_d256a6e835376083aa86bd254b37a9dd6fb2fab3.patch
https://github.com/google/highway/commit/d6c486c5a09be512da1d4611cd77cc5df1688ea5,https://github.com/vizual1/opt-repo-cpp/tree/main/data/patch/google_highway_d6c486c5a09be512da1d4611cd77cc5df1688ea5.patch
https://github.com/google/highway/commit/d9b96416068796b2a47b75042d23bd7cb9c78396,https://github.com/vizual1/opt-repo-cpp/tree/main/data/patch/google_highway_d9b96416068796b2a47b75042d23bd7cb9c78396.patch
https://github.com/google/highway/commit/da18479145badf42679fb6f222fe7340ca991932,https://github.com/vizual1/opt-repo-cpp/tree/main/data/patch/google_highway_da18479145badf42679fb6f222fe7340ca991932.patch
https://github.com/google/highway/commit/dde031e8d411dbd867fbe4ba5aec9cc2a8a5f7bb,https://github.com/vizual1/opt-repo-cpp/tree/main/data/patch/google_highway_dde031e8d411dbd867fbe4ba5aec9cc2a8a5f7bb.patch
https://github.com/google/highway/commit/dfe4049549357a68aa11644352a1a5de58b315d7,https://github.com/vizual1/opt-repo-cpp/tree/main/data/patch/google_highway_dfe4049549357a68aa11644352a1a5de58b315d7.patch
https://github.com/google/highway/commit/ef851f2513271f68aa57caed16827f5def325775,https://github.com/vizual1/opt-repo-cpp/tree/main/data/patch/google_highway_ef851f2513271f68aa57caed16827f5def325775.patch
https://github.com/google/highway/commit/f4aaeae1f905952fcfc9f7354d8011fb5cba2bef,https://github.com/vizual1/opt-repo-cpp/tree/main/data/patch/google_highway_f4aaeae1f905952fcfc9f7354d8011fb5cba2bef.patch
https://github.com/google/highway/commit/f5889927db525426053b3d1596d427a51a1ed52f,https://github.com/vizual1/opt-repo-cpp/tree/main/data/patch/google_highway_f5889927db525426053b3d1596d427a51a1ed52f.patch
https://github.com/google/highway/commit/f6bc03c4c0f3da08191cb6f56c66661504834ef4,https://github.com/vizual1/opt-repo-cpp/tree/main/data/patch/google_highway_f6bc03c4c0f3da08191cb6f56c66661504834ef4.patch
https://github.com/google/highway/commit/fca4269192b2ac7a26e7a03efff54ea6d0dd77ff,https://github.com/vizual1/opt-repo-cpp/tree/main/data/patch/google_highway_fca4269192b2ac7a26e7a03efff54ea6d0dd77ff.patch
https://github.com/google/highway/commit/ff1ba650cd42b6a94cbf14a1a70e2c26f6904fbc,https://github.com/vizual1/opt-repo-cpp/tree/main/data/patch/google_highway_ff1ba650cd42b6a94cbf14a1a70e2c26f6904fbc.patch
https://github.com/google/highway/commit/ff3070cdf3eb4f531b706d9e3d0adced74401e13,https://github.com/vizual1/opt-repo-cpp/tree/main/data/patch/google_highway_ff3070cdf3eb4f531b706d9e3d0adced74401e13.patch
https://github.com/google/sentencepiece/commit/1cd0c5965d4163bb65cc626083c5f7b727c36b8c,https://github.com/vizual1/opt-repo-cpp/tree/main/data/patch/google_sentencepiece_1cd0c5965d4163bb65cc626083c5f7b727c36b8c.patch
https://github.com/google/sentencepiece/commit/336900241c4943ae1e5f844b18292f532b3a21c7,https://github.com/vizual1/opt-repo-cpp/tree/main/data/patch/google_sentencepiece_336900241c4943ae1e5f844b18292f532b3a21c7.patch
https://github.com/google/sentencepiece/commit/9f544a66ffd75ce5645fdb842672455673c44c7b,https://github.com/vizual1/opt-repo-cpp/tree/main/data/patch/google_sentencepiece_9f544a66ffd75ce5645fdb842672455673c44c7b.patch
https://github.com/google/snappy/commit/1d88de7de852f0ed3ce5c3045dcff1cb805aa3e2,https://github.com/vizual1/opt-repo-cpp/tree/main/data/patch/google_snappy_1d88de7de852f0ed3ce5c3045dcff1cb805aa3e2.patch
https://github.com/google/snappy/commit/37f375ddebbd0f2918c0036f7f9468bfd73cb86e,https://github.com/vizual1/opt-repo-cpp/tree/main/data/patch/google_snappy_37f375ddebbd0f2918c0036f7f9468bfd73cb86e.patch
https://github.com/google/snappy/commit/4793b4d004654aea41fc9824b3ce006489dbb796,https://github.com/vizual1/opt-repo-cpp/tree/main/data/patch/google_snappy_4793b4d004654aea41fc9824b3ce006489dbb796.patch
https://github.com/google/snappy/commit/6a2b78a379e4a6ca11eaacb3e26bea397a46d74b,https://github.com/vizual1/opt-repo-cpp/tree/main/data/patch/google_snappy_6a2b78a379e4a6ca11eaacb3e26bea397a46d74b.patch
https://github.com/google/snappy/commit/6c6e890ef961260b60f9f9a2051ac4618dbd06bd,https://github.com/vizual1/opt-repo-cpp/tree/main/data/patch/google_snappy_6c6e890ef961260b60f9f9a2051ac4618dbd06bd.patch
https://github.com/google/snappy/commit/7b82423c597bfed223dff27f880fe91e169375b4,https://github.com/vizual1/opt-repo-cpp/tree/main/data/patch/google_snappy_7b82423c597bfed223dff27f880fe91e169375b4.patch
https://github.com/google/snappy/commit/9c42b71b19da081767de587e302ea5f635a67281,https://github.com/vizual1/opt-repo-cpp/tree/main/data/patch/google_snappy_9c42b71b19da081767de587e302ea5f635a67281.patch
https://github.com/google/snappy/commit/9cc3689b2120bd25a74f264f05ed8692c9e22dfe,https://github.com/vizual1/opt-repo-cpp/tree/main/data/patch/google_snappy_9cc3689b2120bd25a74f264f05ed8692c9e22dfe.patch
https://github.com/google/snappy/commit/a2d219a8a801ae522bac8e966de005fcb336821b,https://github.com/vizual1/opt-repo-cpp/tree/main/data/patch/google_snappy_a2d219a8a801ae522bac8e966de005fcb336821b.patch
https://github.com/google/snappy/commit/aeb5de55a9c646ca334e4f6252af28536ca22349,https://github.com/vizual1/opt-repo-cpp/tree/main/data/patch/google_snappy_aeb5de55a9c646ca334e4f6252af28536ca22349.patch
https://github.com/google/snappy/commit/b3fb0b5b4b076f1af12f5c727b33e0abf723fe12,https://github.com/vizual1/opt-repo-cpp/tree/main/data/patch/google_snappy_b3fb0b5b4b076f1af12f5c727b33e0abf723fe12.patch
https://github.com/google/snappy/commit/b4888f76161debdbcde30a64be577b82fd40de29,https://github.com/vizual1/opt-repo-cpp/tree/main/data/patch/google_snappy_b4888f76161debdbcde30a64be577b82fd40de29.patch
https://github.com/google/snappy/commit/d261d2766fa6c7932994ed3c5b14d7911629c971,https://github.com/vizual1/opt-repo-cpp/tree/main/data/patch/google_snappy_d261d2766fa6c7932994ed3c5b14d7911629c971.patch
https://github.com/google/snappy/commit/d643b9a98888bdc746e8b19621ab19208e79fdac,https://github.com/vizual1/opt-repo-cpp/tree/main/data/patch/google_snappy_d643b9a98888bdc746e8b19621ab19208e79fdac.patch
https://github.com/google/snappy/commit/eb8d19fc1ebc684043e310d211585d364dca63b5,https://github.com/vizual1/opt-repo-cpp/tree/main/data/patch/google_snappy_eb8d19fc1ebc684043e310d211585d364dca63b5.patch
https://github.com/google/snappy/commit/f2db8f77ce469ce00e33657b981e41a1bd1daf16,https://github.com/vizual1/opt-repo-cpp/tree/main/data/patch/google_snappy_f2db8f77ce469ce00e33657b981e41a1bd1daf16.patch
https://github.com/google/snappy/commit/f52721b2b4e4949d26fa51572e3ad9000e1ed3be,https://github.com/vizual1/opt-repo-cpp/tree/main/data/patch/google_snappy_f52721b2b4e4949d26fa51572e3ad9000e1ed3be.patch
https://github.com/guillaumeblanc/ozz-animation/commit/11acb37513b2d17ca46ea3640c9eeaa2a450ac2e,https://github.com/vizual1/opt-repo-cpp/tree/main/data/patch/guillaumeblanc_ozz-animation_11acb37513b2d17ca46ea3640c9eeaa2a450ac2e.patch
https://github.com/haivision/srt/commit/88ca9ccca4984dbf61a5e1a06ac551b4dead5304,https://github.com/vizual1/opt-repo-cpp/tree/main/data/patch/haivision_srt_88ca9ccca4984dbf61a5e1a06ac551b4dead5304.patch
https://github.com/haivision/srt/commit/ced76c7b778c4a91d2bd9ad735ca9089dbcd3128,https://github.com/vizual1/opt-repo-cpp/tree/main/data/patch/haivision_srt_ced76c7b778c4a91d2bd9ad735ca9089dbcd3128.patch
https://github.com/haivision/srt/commit/ea86302a818681954d41aff52d5d42b23ff4dba2,https://github.com/vizual1/opt-repo-cpp/tree/main/data/patch/haivision_srt_ea86302a818681954d41aff52d5d42b23ff4dba2.patch
https://github.com/intel/scalablevectorsearch/commit/46a8a59080a6fd3bee42b795c455582938f8e65b,https://github.com/vizual1/opt-repo-cpp/tree/main/data/patch/intel_scalablevectorsearch_46a8a59080a6fd3bee42b795c455582938f8e65b.patch
https://github.com/jeremy-rifkin/cpptrace/commit/19eeb69810cdb64acef732180cac6108966c9d7e,https://github.com/vizual1/opt-repo-cpp/tree/main/data/patch/jeremy-rifkin_cpptrace_19eeb69810cdb64acef732180cac6108966c9d7e.patch
https://github.com/jeremy-rifkin/cpptrace/commit/bc0164224e4294fa68e42165de4d80b00ef04f6f,https://github.com/vizual1/opt-repo-cpp/tree/main/data/patch/jeremy-rifkin_cpptrace_bc0164224e4294fa68e42165de4d80b00ef04f6f.patch
https://github.com/jeremy-rifkin/cpptrace/commit/daed105fefbad0f1441e9191bd17e1c11507a010,https://github.com/vizual1/opt-repo-cpp/tree/main/data/patch/jeremy-rifkin_cpptrace_daed105fefbad0f1441e9191bd17e1c11507a010.patch
https://github.com/jupp0r/prometheus-cpp/commit/4d668074b094c720cd6d0506115f7c198eed4487,https://github.com/vizual1/opt-repo-cpp/tree/main/data/patch/jupp0r_prometheus-cpp_4d668074b094c720cd6d0506115f7c198eed4487.patch
https://github.com/kimci86/bkcrack/commit/02b53af99c70d1667c8a1fff10179d1677093901,https://github.com/vizual1/opt-repo-cpp/tree/main/data/patch/kimci86_bkcrack_02b53af99c70d1667c8a1fff10179d1677093901.patch
https://github.com/kimci86/bkcrack/commit/446f2c143c78c2c791110ceb93a65b395faf87b2,https://github.com/vizual1/opt-repo-cpp/tree/main/data/patch/kimci86_bkcrack_446f2c143c78c2c791110ceb93a65b395faf87b2.patch
https://github.com/kimci86/bkcrack/commit/7b4ea52d45d07b775e27b20bef0fe8d79443c27a,https://github.com/vizual1/opt-repo-cpp/tree/main/data/patch/kimci86_bkcrack_7b4ea52d45d07b775e27b20bef0fe8d79443c27a.patch
https://github.com/kimwalisch/primecount/commit/025e6f155adf0da163a4909266652b421ee316b3,https://github.com/vizual1/opt-repo-cpp/tree/main/data/patch/kimwalisch_primecount_025e6f155adf0da163a4909266652b421ee316b3.patch
https://github.com/kimwalisch/primecount/commit/0c08034ae3039f15901f107c9c50b983ce5ffe7a,https://github.com/vizual1/opt-repo-cpp/tree/main/data/patch/kimwalisch_primecount_0c08034ae3039f15901f107c9c50b983ce5ffe7a.patch
https://github.com/kimwalisch/primecount/commit/0f3d2a76b8c45e165a327e5200bb9c72e3c52bc8,https://github.com/vizual1/opt-repo-cpp/tree/main/data/patch/kimwalisch_primecount_0f3d2a76b8c45e165a327e5200bb9c72e3c52bc8.patch
https://github.com/kimwalisch/primecount/commit/1356d14dfca48952994e4be699d57210c8799408,https://github.com/vizual1/opt-repo-cpp/tree/main/data/patch/kimwalisch_primecount_1356d14dfca48952994e4be699d57210c8799408.patch
https://github.com/kimwalisch/primecount/commit/191b9929bbed1e45fe7bdb0275a656cfe42b32f4,https://github.com/vizual1/opt-repo-cpp/tree/main/data/patch/kimwalisch_primecount_191b9929bbed1e45fe7bdb0275a656cfe42b32f4.patch
https://github.com/kimwalisch/primecount/commit/1ca6498fdfd78e53d7667ebec8c08f31a3e258ee,https://github.com/vizual1/opt-repo-cpp/tree/main/data/patch/kimwalisch_primecount_1ca6498fdfd78e53d7667ebec8c08f31a3e258ee.patch
https://github.com/kimwalisch/primecount/commit/1f519a643dbc65c21543c87754bdbfd232ca8c4c,https://github.com/vizual1/opt-repo-cpp/tree/main/data/patch/kimwalisch_primecount_1f519a643dbc65c21543c87754bdbfd232ca8c4c.patch
https://github.com/kimwalisch/primecount/commit/20a77db65b854aa02e39eb9ab7eb08f1675652e5,https://github.com/vizual1/opt-repo-cpp/tree/main/data/patch/kimwalisch_primecount_20a77db65b854aa02e39eb9ab7eb08f1675652e5.patch
https://github.com/kimwalisch/primecount/commit/21f7b8aa6440a5e33f137dc6d775dd65b89beca0,https://github.com/vizual1/opt-repo-cpp/tree/main/data/patch/kimwalisch_primecount_21f7b8aa6440a5e33f137dc6d775dd65b89beca0.patch
https://github.com/kimwalisch/primecount/commit/239dcded2d55ca7660e8b47cd7bcd3a70157fdda,https://github.com/vizual1/opt-repo-cpp/tree/main/data/patch/kimwalisch_primecount_239dcded2d55ca7660e8b47cd7bcd3a70157fdda.patch
https://github.com/kimwalisch/primecount/commit/249833bfd1ecbe578967a9a09b5c8860891bffef,https://github.com/vizual1/opt-repo-cpp/tree/main/data/patch/kimwalisch_primecount_249833bfd1ecbe578967a9a09b5c8860891bffef.patch
https://github.com/kimwalisch/primecount/commit/261c7e7d9adae2931d2d42290c7db70bc27b1206,https://github.com/vizual1/opt-repo-cpp/tree/main/data/patch/kimwalisch_primecount_261c7e7d9adae2931d2d42290c7db70bc27b1206.patch
https://github.com/kimwalisch/primecount/commit/2a5304239ccfa8c6acdf60dcbf12b85abecc2b18,https://github.com/vizual1/opt-repo-cpp/tree/main/data/patch/kimwalisch_primecount_2a5304239ccfa8c6acdf60dcbf12b85abecc2b18.patch
https://github.com/kimwalisch/primecount/commit/31d914e7f984e3d8c6daceb85ccf3a74f352dd2a,https://github.com/vizual1/opt-repo-cpp/tree/main/data/patch/kimwalisch_primecount_31d914e7f984e3d8c6daceb85ccf3a74f352dd2a.patch
https://github.com/kimwalisch/primecount/commit/38ca9a032bd832a0dee479e9dfeb66d53026b0e7,https://github.com/vizual1/opt-repo-cpp/tree/main/data/patch/kimwalisch_primecount_38ca9a032bd832a0dee479e9dfeb66d53026b0e7.patch
https://github.com/kimwalisch/primecount/commit/3a7462769cd49cc7f3fec42ca026598a8d2de20a,https://github.com/vizual1/opt-repo-cpp/tree/main/data/patch/kimwalisch_primecount_3a7462769cd49cc7f3fec42ca026598a8d2de20a.patch
https://github.com/kimwalisch/primecount/commit/3b69726b4c315d1e320aef7836953faae6adc511,https://github.com/vizual1/opt-repo-cpp/tree/main/data/patch/kimwalisch_primecount_3b69726b4c315d1e320aef7836953faae6adc511.patch
https://github.com/kimwalisch/primecount/commit/3c20a8bf6f974bcc42d2d19ce474d8c18c2790f2,https://github.com/vizual1/opt-repo-cpp/tree/main/data/patch/kimwalisch_primecount_3c20a8bf6f974bcc42d2d19ce474d8c18c2790f2.patch
https://github.com/kimwalisch/primecount/commit/3cf71dd3b1a539610ba3b26e14d704d70385d1ed,https://github.com/vizual1/opt-repo-cpp/tree/main/data/patch/kimwalisch_primecount_3cf71dd3b1a539610ba3b26e14d704d70385d1ed.patch
https://github.com/kimwalisch/primecount/commit/3e6e215334b9daca9b3537841478a29a0c450aa2,https://github.com/vizual1/opt-repo-cpp/tree/main/data/patch/kimwalisch_primecount_3e6e215334b9daca9b3537841478a29a0c450aa2.patch
https://github.com/kimwalisch/primecount/commit/40ea895c8762bd1827d2ba307f1244a8304748bd,https://github.com/vizual1/opt-repo-cpp/tree/main/data/patch/kimwalisch_primecount_40ea895c8762bd1827d2ba307f1244a8304748bd.patch
https://github.com/kimwalisch/primecount/commit/462c21d158206b0fa299b44527b41d6770a6c2d0,https://github.com/vizual1/opt-repo-cpp/tree/main/data/patch/kimwalisch_primecount_462c21d158206b0fa299b44527b41d6770a6c2d0.patch
https://github.com/kimwalisch/primecount/commit/4e857ef71ec1163034010bd98d1464bd4432d841,https://github.com/vizual1/opt-repo-cpp/tree/main/data/patch/kimwalisch_primecount_4e857ef71ec1163034010bd98d1464bd4432d841.patch
https://github.com/kimwalisch/primecount/commit/51a28fd9bc9975177b89ea69360a0c19d2a30d6a,https://github.com/vizual1/opt-repo-cpp/tree/main/data/patch/kimwalisch_primecount_51a28fd9bc9975177b89ea69360a0c19d2a30d6a.patch
https://github.com/kimwalisch/primecount/commit/5752c0bc4703535d885479c9de37964d994f41e6,https://github.com/vizual1/opt-repo-cpp/tree/main/data/patch/kimwalisch_primecount_5752c0bc4703535d885479c9de37964d994f41e6.patch
https://github.com/kimwalisch/primecount/commit/581c1db5a505b8ebd4e2704122712fdb230901f9,https://github.com/vizual1/opt-repo-cpp/tree/main/data/patch/kimwalisch_primecount_581c1db5a505b8ebd4e2704122712fdb230901f9.patch
https://github.com/kimwalisch/primecount/commit/5edc6cb7bc39d6b200aabc20773cb0db452f463a,https://github.com/vizual1/opt-repo-cpp/tree/main/data/patch/kimwalisch_primecount_5edc6cb7bc39d6b200aabc20773cb0db452f463a.patch
https://github.com/kimwalisch/primecount/commit/6932e6473a279c46a01708df87e0e632df916a0f,https://github.com/vizual1/opt-repo-cpp/tree/main/data/patch/kimwalisch_primecount_6932e6473a279c46a01708df87e0e632df916a0f.patch
https://github.com/kimwalisch/primecount/commit/6c9b0052c1472c827b9a22317f7cf3074836e8cd,https://github.com/vizual1/opt-repo-cpp/tree/main/data/patch/kimwalisch_primecount_6c9b0052c1472c827b9a22317f7cf3074836e8cd.patch
https://github.com/kimwalisch/primecount/commit/7026eacb1786cd531b5e0624ef09c3a9ed569c4d,https://github.com/vizual1/opt-repo-cpp/tree/main/data/patch/kimwalisch_primecount_7026eacb1786cd531b5e0624ef09c3a9ed569c4d.patch
https://github.com/kimwalisch/primecount/commit/70383c40524ebc4726922d12817b4c24f562ceb2,https://github.com/vizual1/opt-repo-cpp/tree/main/data/patch/kimwalisch_primecount_70383c40524ebc4726922d12817b4c24f562ceb2.patch
https://github.com/kimwalisch/primecount/commit/72274c8b555184a5a3cbfbec3e3302977ea633bc,https://github.com/vizual1/opt-repo-cpp/tree/main/data/patch/kimwalisch_primecount_72274c8b555184a5a3cbfbec3e3302977ea633bc.patch
https://github.com/kimwalisch/primecount/commit/87036f65c434ebf8a15a62acf7346fb913571a39,https://github.com/vizual1/opt-repo-cpp/tree/main/data/patch/kimwalisch_primecount_87036f65c434ebf8a15a62acf7346fb913571a39.patch
https://github.com/kimwalisch/primecount/commit/8aaf36419a86647ecccc210aa8cc52af8b2ae81b,https://github.com/vizual1/opt-repo-cpp/tree/main/data/patch/kimwalisch_primecount_8aaf36419a86647ecccc210aa8cc52af8b2ae81b.patch
https://github.com/kimwalisch/primecount/commit/9260edb579f9e656b070812587a96af8909c0ac2,https://github.com/vizual1/opt-repo-cpp/tree/main/data/patch/kimwalisch_primecount_9260edb579f9e656b070812587a96af8909c0ac2.patch
https://github.com/kimwalisch/primecount/commit/a069248d94fbf2a6157644aa10d3a486441199f9,https://github.com/vizual1/opt-repo-cpp/tree/main/data/patch/kimwalisch_primecount_a069248d94fbf2a6157644aa10d3a486441199f9.patch
https://github.com/kimwalisch/primecount/commit/a1d2c3372c6a3ee8f75bf87a58055f02af836bf7,https://github.com/vizual1/opt-repo-cpp/tree/main/data/patch/kimwalisch_primecount_a1d2c3372c6a3ee8f75bf87a58055f02af836bf7.patch
https://github.com/kimwalisch/primecount/commit/a7da3009418da5e18a8b4caf99418ef95a414b92,https://github.com/vizual1/opt-repo-cpp/tree/main/data/patch/kimwalisch_primecount_a7da3009418da5e18a8b4caf99418ef95a414b92.patch
https://github.com/kimwalisch/primecount/commit/ad21808762dce8fc542f8873e8ee08668851a03e,https://github.com/vizual1/opt-repo-cpp/tree/main/data/patch/kimwalisch_primecount_ad21808762dce8fc542f8873e8ee08668851a03e.patch
https://github.com/kimwalisch/primecount/commit/b6cc25461ac306f480b113e837aa7826ff809492,https://github.com/vizual1/opt-repo-cpp/tree/main/data/patch/kimwalisch_primecount_b6cc25461ac306f480b113e837aa7826ff809492.patch
https://github.com/kimwalisch/primecount/commit/bdc5fa5b7a3f682084989a6738c97e917fd27177,https://github.com/vizual1/opt-repo-cpp/tree/main/data/patch/kimwalisch_primecount_bdc5fa5b7a3f682084989a6738c97e917fd27177.patch
https://github.com/kimwalisch/primecount/commit/c1ba2af6288d5bd7d324df47dc77127cb68fe470,https://github.com/vizual1/opt-repo-cpp/tree/main/data/patch/kimwalisch_primecount_c1ba2af6288d5bd7d324df47dc77127cb68fe470.patch
https://github.com/kimwalisch/primecount/commit/c1e2a724ea2e559a59f9e5694bc1c280be42b1da,https://github.com/vizual1/opt-repo-cpp/tree/main/data/patch/kimwalisch_primecount_c1e2a724ea2e559a59f9e5694bc1c280be42b1da.patch
https://github.com/kimwalisch/primecount/commit/c57732242ee077edf013cebd5fd6e92bea015eb6,https://github.com/vizual1/opt-repo-cpp/tree/main/data/patch/kimwalisch_primecount_c57732242ee077edf013cebd5fd6e92bea015eb6.patch
https://github.com/kimwalisch/primecount/commit/c7fb8352b670032fdab504f956c990b896e974d8,https://github.com/vizual1/opt-repo-cpp/tree/main/data/patch/kimwalisch_primecount_c7fb8352b670032fdab504f956c990b896e974d8.patch
https://github.com/kimwalisch/primecount/commit/cb5a5068744256c2e08d29b43df7e6d6a52fa580,https://github.com/vizual1/opt-repo-cpp/tree/main/data/patch/kimwalisch_primecount_cb5a5068744256c2e08d29b43df7e6d6a52fa580.patch
https://github.com/kimwalisch/primecount/commit/cd0201008e85db06308814b3ef71d8ef16cb38fb,https://github.com/vizual1/opt-repo-cpp/tree/main/data/patch/kimwalisch_primecount_cd0201008e85db06308814b3ef71d8ef16cb38fb.patch
https://github.com/kimwalisch/primecount/commit/d3dd3fea3af789bc936e667828cec4bd56127fea,https://github.com/vizual1/opt-repo-cpp/tree/main/data/patch/kimwalisch_primecount_d3dd3fea3af789bc936e667828cec4bd56127fea.patch
https://github.com/kimwalisch/primecount/commit/d76bb9194dfeedf90ba6312f9fbc6f3276bc613a,https://github.com/vizual1/opt-repo-cpp/tree/main/data/patch/kimwalisch_primecount_d76bb9194dfeedf90ba6312f9fbc6f3276bc613a.patch
https://github.com/kimwalisch/primecount/commit/db6cbac1d2c6958bfa75fd134ef28065c27fd872,https://github.com/vizual1/opt-repo-cpp/tree/main/data/patch/kimwalisch_primecount_db6cbac1d2c6958bfa75fd134ef28065c27fd872.patch
https://github.com/kimwalisch/primecount/commit/dcbdf528355685b9ccf849b3d1fd57ccab6e28d9,https://github.com/vizual1/opt-repo-cpp/tree/main/data/patch/kimwalisch_primecount_dcbdf528355685b9ccf849b3d1fd57ccab6e28d9.patch
https://github.com/kimwalisch/primecount/commit/e0b0f5abcb422adc2a84391008b09252bfe21ef1,https://github.com/vizual1/opt-repo-cpp/tree/main/data/patch/kimwalisch_primecount_e0b0f5abcb422adc2a84391008b09252bfe21ef1.patch
https://github.com/kimwalisch/primecount/commit/ea883f91b057cab50e3c8bdcc5d6a83487a7788d,https://github.com/vizual1/opt-repo-cpp/tree/main/data/patch/kimwalisch_primecount_ea883f91b057cab50e3c8bdcc5d6a83487a7788d.patch
https://github.com/kimwalisch/primecount/commit/f0e6ad416b366f84fee4425d0c462022cd724919,https://github.com/vizual1/opt-repo-cpp/tree/main/data/patch/kimwalisch_primecount_f0e6ad416b366f84fee4425d0c462022cd724919.patch
https://github.com/kimwalisch/primecount/commit/f4f736d8bf16c6405a0e50cf1cc6bd06bf4f5cf1,https://github.com/vizual1/opt-repo-cpp/tree/main/data/patch/kimwalisch_primecount_f4f736d8bf16c6405a0e50cf1cc6bd06bf4f5cf1.patch
https://github.com/kimwalisch/primecount/commit/f635472de33c5256dd06dc3743542649083afbfe,https://github.com/vizual1/opt-repo-cpp/tree/main/data/patch/kimwalisch_primecount_f635472de33c5256dd06dc3743542649083afbfe.patch
https://github.com/kimwalisch/primecount/commit/fbfe601ab956b8c1ee1c741a0877d253f9a6a434,https://github.com/vizual1/opt-repo-cpp/tree/main/data/patch/kimwalisch_primecount_fbfe601ab956b8c1ee1c741a0877d253f9a6a434.patch
https://github.com/kimwalisch/primesieve/commit/1aa2eee9cc6fbd37d6db494d26bad79f1fa57a7b,https://github.com/vizual1/opt-repo-cpp/tree/main/data/patch/kimwalisch_primesieve_1aa2eee9cc6fbd37d6db494d26bad79f1fa57a7b.patch
https://github.com/kimwalisch/primesieve/commit/4e0a1c751caa197db420305074b4c2745963b164,https://github.com/vizual1/opt-repo-cpp/tree/main/data/patch/kimwalisch_primesieve_4e0a1c751caa197db420305074b4c2745963b164.patch
https://github.com/kimwalisch/primesieve/commit/502b9c3ee3ea1466602c98e351aeb2546c2604be,https://github.com/vizual1/opt-repo-cpp/tree/main/data/patch/kimwalisch_primesieve_502b9c3ee3ea1466602c98e351aeb2546c2604be.patch
https://github.com/kimwalisch/primesieve/commit/7d76c2ae890eb43e7ff0b384be0e588e783e0f5c,https://github.com/vizual1/opt-repo-cpp/tree/main/data/patch/kimwalisch_primesieve_7d76c2ae890eb43e7ff0b384be0e588e783e0f5c.patch
https://github.com/kimwalisch/primesieve/commit/9d647cb4c927f38350e6ec2f986a8778f1adb325,https://github.com/vizual1/opt-repo-cpp/tree/main/data/patch/kimwalisch_primesieve_9d647cb4c927f38350e6ec2f986a8778f1adb325.patch
https://github.com/kimwalisch/primesieve/commit/9f715995b65a0da323c38832d06be0a2b049a77b,https://github.com/vizual1/opt-repo-cpp/tree/main/data/patch/kimwalisch_primesieve_9f715995b65a0da323c38832d06be0a2b049a77b.patch
https://github.com/kimwalisch/primesieve/commit/ce83a0ef12e77df19a658f61f2fda8f814e6c38f,https://github.com/vizual1/opt-repo-cpp/tree/main/data/patch/kimwalisch_primesieve_ce83a0ef12e77df19a658f61f2fda8f814e6c38f.patch
https://github.com/kimwalisch/primesieve/commit/d3e240719a4c2d64859f7e9f960c172f194d3820,https://github.com/vizual1/opt-repo-cpp/tree/main/data/patch/kimwalisch_primesieve_d3e240719a4c2d64859f7e9f960c172f194d3820.patch
https://github.com/kimwalisch/primesieve/commit/d41acfa326916c7b1749e9b0e61dc8b6142ab76f,https://github.com/vizual1/opt-repo-cpp/tree/main/data/patch/kimwalisch_primesieve_d41acfa326916c7b1749e9b0e61dc8b6142ab76f.patch
https://github.com/kimwalisch/primesieve/commit/e19f8d2b7c26bbee463e43399de833b1421a112c,https://github.com/vizual1/opt-repo-cpp/tree/main/data/patch/kimwalisch_primesieve_e19f8d2b7c26bbee463e43399de833b1421a112c.patch
https://github.com/kimwalisch/primesieve/commit/fd75e4c96f702277c33f2913b868767fef318982,https://github.com/vizual1/opt-repo-cpp/tree/main/data/patch/kimwalisch_primesieve_fd75e4c96f702277c33f2913b868767fef318982.patch
https://github.com/libgeos/geos/commit/1821b67432de802ead6f0c655c93e74e03ffd267,https://github.com/vizual1/opt-repo-cpp/tree/main/data/patch/libgeos_geos_1821b67432de802ead6f0c655c93e74e03ffd267.patch
https://github.com/libgeos/geos/commit/60e0ae2b8f5d1df0d95cfe95eba2ba4f1cbd816e,https://github.com/vizual1/opt-repo-cpp/tree/main/data/patch/libgeos_geos_60e0ae2b8f5d1df0d95cfe95eba2ba4f1cbd816e.patch
https://github.com/libgeos/geos/commit/629c2f6939f30a4b19682a87915fb2457a90db3c,https://github.com/vizual1/opt-repo-cpp/tree/main/data/patch/libgeos_geos_629c2f6939f30a4b19682a87915fb2457a90db3c.patch
https://github.com/libgeos/geos/commit/66beb4176912f3daceba65eabfc5542e6047cb60,https://github.com/vizual1/opt-repo-cpp/tree/main/data/patch/libgeos_geos_66beb4176912f3daceba65eabfc5542e6047cb60.patch
https://github.com/libgeos/geos/commit/737904ec0274e64d2cd5079d0ee2988855b83a41,https://github.com/vizual1/opt-repo-cpp/tree/main/data/patch/libgeos_geos_737904ec0274e64d2cd5079d0ee2988855b83a41.patch
https://github.com/libgeos/geos/commit/c2a1d40c2d86f0b6f8028d4965ffa2aef79473d7,https://github.com/vizual1/opt-repo-cpp/tree/main/data/patch/libgeos_geos_c2a1d40c2d86f0b6f8028d4965ffa2aef79473d7.patch
https://github.com/libgeos/geos/commit/d1bfd096694b7dd13030f5880805efc5c7c5a933,https://github.com/vizual1/opt-repo-cpp/tree/main/data/patch/libgeos_geos_d1bfd096694b7dd13030f5880805efc5c7c5a933.patch
https://github.com/libgeos/geos/commit/f03a3f3f576a28f7de4517cf3e0bcc0ec33a9487,https://github.com/vizual1/opt-repo-cpp/tree/main/data/patch/libgeos_geos_f03a3f3f576a28f7de4517cf3e0bcc0ec33a9487.patch
https://github.com/madmann91/bvh/commit/1b2472a44e22fcf7dc921b7eb36b7729ec97e8b5,https://github.com/vizual1/opt-repo-cpp/tree/main/data/patch/madmann91_bvh_1b2472a44e22fcf7dc921b7eb36b7729ec97e8b5.patch
https://github.com/madmann91/bvh/commit/1c94c25af5bc014a65474bbf1df4f6d453c7bd7e,https://github.com/vizual1/opt-repo-cpp/tree/main/data/patch/madmann91_bvh_1c94c25af5bc014a65474bbf1df4f6d453c7bd7e.patch
https://github.com/madmann91/bvh/commit/29dd50e3a299b64945c52f3a0319075abddf2183,https://github.com/vizual1/opt-repo-cpp/tree/main/data/patch/madmann91_bvh_29dd50e3a299b64945c52f3a0319075abddf2183.patch
https://github.com/madmann91/bvh/commit/5b95ec87b6b5b1fdf60f55f035575ef17b4f5ae4,https://github.com/vizual1/opt-repo-cpp/tree/main/data/patch/madmann91_bvh_5b95ec87b6b5b1fdf60f55f035575ef17b4f5ae4.patch
https://github.com/madmann91/bvh/commit/d3ef6ffd4c007e17ca4a6c0f4555d26b6aca0d94,https://github.com/vizual1/opt-repo-cpp/tree/main/data/patch/madmann91_bvh_d3ef6ffd4c007e17ca4a6c0f4555d26b6aca0d94.patch
https://github.com/madmann91/bvh/commit/e5047b91482c3f6fc8ff89e5048750f360aa1bee,https://github.com/vizual1/opt-repo-cpp/tree/main/data/patch/madmann91_bvh_e5047b91482c3f6fc8ff89e5048750f360aa1bee.patch
https://github.com/madmann91/bvh/commit/f076925f646f83d81170cbbdaec8c8c70f0cc7d0,https://github.com/vizual1/opt-repo-cpp/tree/main/data/patch/madmann91_bvh_f076925f646f83d81170cbbdaec8c8c70f0cc7d0.patch
https://github.com/madmann91/bvh/commit/fe52126cd1d41f30bd476937f45b5437b2f2310d,https://github.com/vizual1/opt-repo-cpp/tree/main/data/patch/madmann91_bvh_fe52126cd1d41f30bd476937f45b5437b2f2310d.patch
https://github.com/manticoresoftware/manticoresearch/commit/d77b8323f85145c0b644278265c93a023ce96cb5,https://github.com/vizual1/opt-repo-cpp/tree/main/data/patch/manticoresoftware_manticoresearch_d77b8323f85145c0b644278265c93a023ce96cb5.patch
https://github.com/microsoft/snmalloc/commit/0620825df778623c30103729048c8e3d991b4e4b,https://github.com/vizual1/opt-repo-cpp/tree/main/data/patch/microsoft_snmalloc_0620825df778623c30103729048c8e3d991b4e4b.patch
https://github.com/microsoft/snmalloc/commit/4212ac8e4ed134f821ebe2906bdb46ba3142c943,https://github.com/vizual1/opt-repo-cpp/tree/main/data/patch/microsoft_snmalloc_4212ac8e4ed134f821ebe2906bdb46ba3142c943.patch
https://github.com/microsoft/snmalloc/commit/4620220080d2582c829954624c5a84175c05fd93,https://github.com/vizual1/opt-repo-cpp/tree/main/data/patch/microsoft_snmalloc_4620220080d2582c829954624c5a84175c05fd93.patch
https://github.com/microsoft/snmalloc/commit/611d4dc6175dafbadfbecbab27e855df84feb2ff,https://github.com/vizual1/opt-repo-cpp/tree/main/data/patch/microsoft_snmalloc_611d4dc6175dafbadfbecbab27e855df84feb2ff.patch
https://github.com/microsoft/snmalloc/commit/72ccb23d02afcf4ed113bf6f600c27766915d721,https://github.com/vizual1/opt-repo-cpp/tree/main/data/patch/microsoft_snmalloc_72ccb23d02afcf4ed113bf6f600c27766915d721.patch
https://github.com/microsoft/snmalloc/commit/8e3f6c96e81391ade1fe6988daad0d4f4c980971,https://github.com/vizual1/opt-repo-cpp/tree/main/data/patch/microsoft_snmalloc_8e3f6c96e81391ade1fe6988daad0d4f4c980971.patch
https://github.com/microsoft/snmalloc/commit/a2b56f97406b79109b0ce55a4f308d3222adebcb,https://github.com/vizual1/opt-repo-cpp/tree/main/data/patch/microsoft_snmalloc_a2b56f97406b79109b0ce55a4f308d3222adebcb.patch
https://github.com/microsoft/snmalloc/commit/a3660c40690252e6bab884108f82e1ca822bc458,https://github.com/vizual1/opt-repo-cpp/tree/main/data/patch/microsoft_snmalloc_a3660c40690252e6bab884108f82e1ca822bc458.patch
https://github.com/microsoft/snmalloc/commit/afc6283e01eb6189e47d1084ce3c1266ed7bc46c,https://github.com/vizual1/opt-repo-cpp/tree/main/data/patch/microsoft_snmalloc_afc6283e01eb6189e47d1084ce3c1266ed7bc46c.patch
https://github.com/microsoft/snmalloc/commit/bdb3183989d8544b15bf600a5018d7056d795da0,https://github.com/vizual1/opt-repo-cpp/tree/main/data/patch/microsoft_snmalloc_bdb3183989d8544b15bf600a5018d7056d795da0.patch
https://github.com/microsoft/snmalloc/commit/bf742cef84694c2fbbe1ffd96777eab59a618ef6,https://github.com/vizual1/opt-repo-cpp/tree/main/data/patch/microsoft_snmalloc_bf742cef84694c2fbbe1ffd96777eab59a618ef6.patch
https://github.com/microsoft/snmalloc/commit/c73846e41808fa73552f12331a02b6b146a960fa,https://github.com/vizual1/opt-repo-cpp/tree/main/data/patch/microsoft_snmalloc_c73846e41808fa73552f12331a02b6b146a960fa.patch
https://github.com/microsoft/snmalloc/commit/cf50fc5e5565ce5666628908987c91d2b59b0375,https://github.com/vizual1/opt-repo-cpp/tree/main/data/patch/microsoft_snmalloc_cf50fc5e5565ce5666628908987c91d2b59b0375.patch
https://github.com/microsoft/snmalloc/commit/d1acb7979a72f3ccf818c177c5e1af619e4b1150,https://github.com/vizual1/opt-repo-cpp/tree/main/data/patch/microsoft_snmalloc_d1acb7979a72f3ccf818c177c5e1af619e4b1150.patch
https://github.com/microsoft/snmalloc/commit/dd5c91eb439af1688a57c90f910b8b1b5665a744,https://github.com/vizual1/opt-repo-cpp/tree/main/data/patch/microsoft_snmalloc_dd5c91eb439af1688a57c90f910b8b1b5665a744.patch
https://github.com/microsoft/snmalloc/commit/ecef894525f1083366f6b9f4e714e326a5d8569b,https://github.com/vizual1/opt-repo-cpp/tree/main/data/patch/microsoft_snmalloc_ecef894525f1083366f6b9f4e714e326a5d8569b.patch
https://github.com/microsoft/snmalloc/commit/fd408637a7a172d260f38c73667323148439a09e,https://github.com/vizual1/opt-repo-cpp/tree/main/data/patch/microsoft_snmalloc_fd408637a7a172d260f38c73667323148439a09e.patch
https://github.com/nfrechette/acl/commit/0db961485520de594548be83ad3e32accfcd3c4e,https://github.com/vizual1/opt-repo-cpp/tree/main/data/patch/nfrechette_acl_0db961485520de594548be83ad3e32accfcd3c4e.patch
https://github.com/nfrechette/acl/commit/3b610a020b419c6ef713a4ca123bd79186f3dfdd,https://github.com/vizual1/opt-repo-cpp/tree/main/data/patch/nfrechette_acl_3b610a020b419c6ef713a4ca123bd79186f3dfdd.patch
https://github.com/nfrechette/acl/commit/3e0b5e07a3b6f9eb36f194eb7acf374fc069d941,https://github.com/vizual1/opt-repo-cpp/tree/main/data/patch/nfrechette_acl_3e0b5e07a3b6f9eb36f194eb7acf374fc069d941.patch
https://github.com/nfrechette/acl/commit/3e86223d3d56b892d4e3bea049ecf9fdee5a32a8,https://github.com/vizual1/opt-repo-cpp/tree/main/data/patch/nfrechette_acl_3e86223d3d56b892d4e3bea049ecf9fdee5a32a8.patch
https://github.com/nfrechette/acl/commit/438dd531280e6a8a5334473ce112df1376a62702,https://github.com/vizual1/opt-repo-cpp/tree/main/data/patch/nfrechette_acl_438dd531280e6a8a5334473ce112df1376a62702.patch
https://github.com/nfrechette/acl/commit/4dc036b56b9d005f8256f89324188d4e3d2322eb,https://github.com/vizual1/opt-repo-cpp/tree/main/data/patch/nfrechette_acl_4dc036b56b9d005f8256f89324188d4e3d2322eb.patch
https://github.com/nfrechette/acl/commit/4f73d2573f9ed9c0452d5d67c5f465200e7fb2d0,https://github.com/vizual1/opt-repo-cpp/tree/main/data/patch/nfrechette_acl_4f73d2573f9ed9c0452d5d67c5f465200e7fb2d0.patch
https://github.com/nfrechette/acl/commit/5a3c5484d147fd342668858e577bf726e0696d32,https://github.com/vizual1/opt-repo-cpp/tree/main/data/patch/nfrechette_acl_5a3c5484d147fd342668858e577bf726e0696d32.patch
https://github.com/nfrechette/acl/commit/68aac1a9ddeb456c39bce64b70622c4597b21ff8,https://github.com/vizual1/opt-repo-cpp/tree/main/data/patch/nfrechette_acl_68aac1a9ddeb456c39bce64b70622c4597b21ff8.patch
https://github.com/nfrechette/acl/commit/7b6eceec71107e23524876f87629b436f410847a,https://github.com/vizual1/opt-repo-cpp/tree/main/data/patch/nfrechette_acl_7b6eceec71107e23524876f87629b436f410847a.patch
https://github.com/nfrechette/acl/commit/7d552facbb19e15bf058153f53b898a261e58804,https://github.com/vizual1/opt-repo-cpp/tree/main/data/patch/nfrechette_acl_7d552facbb19e15bf058153f53b898a261e58804.patch
https://github.com/nfrechette/acl/commit/80544e3f2ff40760d3d7bde48e032624e8b7eb96,https://github.com/vizual1/opt-repo-cpp/tree/main/data/patch/nfrechette_acl_80544e3f2ff40760d3d7bde48e032624e8b7eb96.patch
https://github.com/nfrechette/acl/commit/94310d926d2df56afb2f4dc8d7165986bffbde52,https://github.com/vizual1/opt-repo-cpp/tree/main/data/patch/nfrechette_acl_94310d926d2df56afb2f4dc8d7165986bffbde52.patch
https://github.com/nfrechette/acl/commit/a67c41d6904a6f81ec70bfe1dd575f0d69ccc287,https://github.com/vizual1/opt-repo-cpp/tree/main/data/patch/nfrechette_acl_a67c41d6904a6f81ec70bfe1dd575f0d69ccc287.patch
https://github.com/nfrechette/acl/commit/b9f74d8b50d976ed3d172c81cb8ca161e385e204,https://github.com/vizual1/opt-repo-cpp/tree/main/data/patch/nfrechette_acl_b9f74d8b50d976ed3d172c81cb8ca161e385e204.patch
https://github.com/nfrechette/acl/commit/bb1aefd8efc6ccd4ae9bc22fed808a7b59ad9c6a,https://github.com/vizual1/opt-repo-cpp/tree/main/data/patch/nfrechette_acl_bb1aefd8efc6ccd4ae9bc22fed808a7b59ad9c6a.patch
https://github.com/nfrechette/acl/commit/bca6b2ea1a67f326e54260ba3e584141e6c5af82,https://github.com/vizual1/opt-repo-cpp/tree/main/data/patch/nfrechette_acl_bca6b2ea1a67f326e54260ba3e584141e6c5af82.patch
https://github.com/nfrechette/acl/commit/e41ee9af52fd25f31ea020d9a773b36030166283,https://github.com/vizual1/opt-repo-cpp/tree/main/data/patch/nfrechette_acl_e41ee9af52fd25f31ea020d9a773b36030166283.patch
https://github.com/nfrechette/acl/commit/f2eee9de134b3ab33088ba32b21d25269db005b5,https://github.com/vizual1/opt-repo-cpp/tree/main/data/patch/nfrechette_acl_f2eee9de134b3ab33088ba32b21d25269db005b5.patch
https://github.com/nfrechette/acl/commit/f4301ccacebcb62345dd5e81779854577e87d41b,https://github.com/vizual1/opt-repo-cpp/tree/main/data/patch/nfrechette_acl_f4301ccacebcb62345dd5e81779854577e87d41b.patch
https://github.com/nfrechette/acl/commit/f73dbeb2dfb04ae2d2df06c4f3aa0636adaa8441,https://github.com/vizual1/opt-repo-cpp/tree/main/data/patch/nfrechette_acl_f73dbeb2dfb04ae2d2df06c4f3aa0636adaa8441.patch
https://github.com/oatpp/oatpp/commit/25a7d4c8bfb4676c420e03c6272ad9c4fe5c5b3b,https://github.com/vizual1/opt-repo-cpp/tree/main/data/patch/oatpp_oatpp_25a7d4c8bfb4676c420e03c6272ad9c4fe5c5b3b.patch
https://github.com/oatpp/oatpp/commit/2b6a90f601f1e92baa459f897a2714ee122780f1,https://github.com/vizual1/opt-repo-cpp/tree/main/data/patch/oatpp_oatpp_2b6a90f601f1e92baa459f897a2714ee122780f1.patch
https://github.com/oatpp/oatpp/commit/56f4d667a93e68d7a7d88e9a562e1a2bf86c43da,https://github.com/vizual1/opt-repo-cpp/tree/main/data/patch/oatpp_oatpp_56f4d667a93e68d7a7d88e9a562e1a2bf86c43da.patch
https://github.com/oatpp/oatpp/commit/ca19e5b0723312be765d5ab2e1b8450ff85a6479,https://github.com/vizual1/opt-repo-cpp/tree/main/data/patch/oatpp_oatpp_ca19e5b0723312be765d5ab2e1b8450ff85a6479.patch
https://github.com/odygrd/quill/commit/21b923b50d53cc98d01628d5b305e324854c65d0,https://github.com/vizual1/opt-repo-cpp/tree/main/data/patch/odygrd_quill_21b923b50d53cc98d01628d5b305e324854c65d0.patch
https://github.com/odygrd/quill/commit/6248396b433bda060320eca0e9d181bb82f74d22,https://github.com/vizual1/opt-repo-cpp/tree/main/data/patch/odygrd_quill_6248396b433bda060320eca0e9d181bb82f74d22.patch
https://github.com/odygrd/quill/commit/a33d3a102b3fc16a674439fbe701667379c129fc,https://github.com/vizual1/opt-repo-cpp/tree/main/data/patch/odygrd_quill_a33d3a102b3fc16a674439fbe701667379c129fc.patch
https://github.com/open-telemetry/opentelemetry-cpp/commit/e21655559c370d655cc4f2dd3d8a245d59680b74,https://github.com/vizual1/opt-repo-cpp/tree/main/data/patch/open-telemetry_opentelemetry-cpp_e21655559c370d655cc4f2dd3d8a245d59680b74.patch
https://github.com/open-telemetry/opentelemetry-cpp/commit/f0e0ef0bf3e769b609de3fd1d79a5b615b8bc881,https://github.com/vizual1/opt-repo-cpp/tree/main/data/patch/open-telemetry_opentelemetry-cpp_f0e0ef0bf3e769b609de3fd1d79a5b615b8bc881.patch
https://github.com/pantor/ruckig/commit/58262fabbba0746695f76529f2499e4081a57550,https://github.com/vizual1/opt-repo-cpp/tree/main/data/patch/pantor_ruckig_58262fabbba0746695f76529f2499e4081a57550.patch
https://github.com/pantor/ruckig/commit/a2d04914c68b948ab05aaf4836903a244682cfa5,https://github.com/vizual1/opt-repo-cpp/tree/main/data/patch/pantor_ruckig_a2d04914c68b948ab05aaf4836903a244682cfa5.patch
https://github.com/projectm-visualizer/projectm/commit/2eb1e41f5f98780813059017cf309ba1649751e1,https://github.com/vizual1/opt-repo-cpp/tree/main/data/patch/projectm-visualizer_projectm_2eb1e41f5f98780813059017cf309ba1649751e1.patch
https://github.com/projectm-visualizer/projectm/commit/5e54983e6d6491c810bdf59f0ac012022781851e,https://github.com/vizual1/opt-repo-cpp/tree/main/data/patch/projectm-visualizer_projectm_5e54983e6d6491c810bdf59f0ac012022781851e.patch
https://github.com/projectm-visualizer/projectm/commit/a7df3680d9a1c08679bd005f09a26849345822f8,https://github.com/vizual1/opt-repo-cpp/tree/main/data/patch/projectm-visualizer_projectm_a7df3680d9a1c08679bd005f09a26849345822f8.patch
https://github.com/projectm-visualizer/projectm/commit/ceca33a0882a006cae2df15c7545d95d5ef6a348,https://github.com/vizual1/opt-repo-cpp/tree/main/data/patch/projectm-visualizer_projectm_ceca33a0882a006cae2df15c7545d95d5ef6a348.patch
https://github.com/projectm-visualizer/projectm/commit/fcafa568cd10355d9e263f999611f4de0cbe8365,https://github.com/vizual1/opt-repo-cpp/tree/main/data/patch/projectm-visualizer_projectm_fcafa568cd10355d9e263f999611f4de0cbe8365.patch
https://github.com/qicosmos/iguana/commit/1e76a1473ae1137b858f83d625703d1c0f315fc6,https://github.com/vizual1/opt-repo-cpp/tree/main/data/patch/qicosmos_iguana_1e76a1473ae1137b858f83d625703d1c0f315fc6.patch
https://github.com/quick-lint/quick-lint-js/commit/15bb20a19e4114b12c5f1846244ee9cce82e3231,https://github.com/vizual1/opt-repo-cpp/tree/main/data/patch/quick-lint_quick-lint-js_15bb20a19e4114b12c5f1846244ee9cce82e3231.patch
https://github.com/quick-lint/quick-lint-js/commit/182806419a62d94ca57f359ba99c10accdb0a66c,https://github.com/vizual1/opt-repo-cpp/tree/main/data/patch/quick-lint_quick-lint-js_182806419a62d94ca57f359ba99c10accdb0a66c.patch
https://github.com/quick-lint/quick-lint-js/commit/1933fe4df74880a2808eaa2ab6f7f6221e43f97c,https://github.com/vizual1/opt-repo-cpp/tree/main/data/patch/quick-lint_quick-lint-js_1933fe4df74880a2808eaa2ab6f7f6221e43f97c.patch
https://github.com/quick-lint/quick-lint-js/commit/1c8371c844ef6d4874580043decc6d3c2470cb16,https://github.com/vizual1/opt-repo-cpp/tree/main/data/patch/quick-lint_quick-lint-js_1c8371c844ef6d4874580043decc6d3c2470cb16.patch
https://github.com/quick-lint/quick-lint-js/commit/1f134132f1daaf268a44ac44200348aa17f6e916,https://github.com/vizual1/opt-repo-cpp/tree/main/data/patch/quick-lint_quick-lint-js_1f134132f1daaf268a44ac44200348aa17f6e916.patch
https://github.com/quick-lint/quick-lint-js/commit/3210a17e5408ee10f5adee35299858cb23a8ea9f,https://github.com/vizual1/opt-repo-cpp/tree/main/data/patch/quick-lint_quick-lint-js_3210a17e5408ee10f5adee35299858cb23a8ea9f.patch
https://github.com/quick-lint/quick-lint-js/commit/423702ea490a6cd4aba2b1ce8a3199076c3d7f66,https://github.com/vizual1/opt-repo-cpp/tree/main/data/patch/quick-lint_quick-lint-js_423702ea490a6cd4aba2b1ce8a3199076c3d7f66.patch
https://github.com/quick-lint/quick-lint-js/commit/42564da724e581217ed99cf5a357a717aee349d5,https://github.com/vizual1/opt-repo-cpp/tree/main/data/patch/quick-lint_quick-lint-js_42564da724e581217ed99cf5a357a717aee349d5.patch
https://github.com/quick-lint/quick-lint-js/commit/4659825288c52c1d6080fe777ef81cb7f59bd2c8,https://github.com/vizual1/opt-repo-cpp/tree/main/data/patch/quick-lint_quick-lint-js_4659825288c52c1d6080fe777ef81cb7f59bd2c8.patch
https://github.com/quick-lint/quick-lint-js/commit/525ce4bd9ebbac928201b36bef11de25666356c0,https://github.com/vizual1/opt-repo-cpp/tree/main/data/patch/quick-lint_quick-lint-js_525ce4bd9ebbac928201b36bef11de25666356c0.patch
https://github.com/quick-lint/quick-lint-js/commit/75f984ef7bb3b5fdc02d494386580a8c63358f00,https://github.com/vizual1/opt-repo-cpp/tree/main/data/patch/quick-lint_quick-lint-js_75f984ef7bb3b5fdc02d494386580a8c63358f00.patch
https://github.com/quick-lint/quick-lint-js/commit/781558c80fd563bd8c6c91a103a662c1bb6c966f,https://github.com/vizual1/opt-repo-cpp/tree/main/data/patch/quick-lint_quick-lint-js_781558c80fd563bd8c6c91a103a662c1bb6c966f.patch
https://github.com/quick-lint/quick-lint-js/commit/7b11341514a046674af49fa1db892fea7fe76fd6,https://github.com/vizual1/opt-repo-cpp/tree/main/data/patch/quick-lint_quick-lint-js_7b11341514a046674af49fa1db892fea7fe76fd6.patch
https://github.com/quick-lint/quick-lint-js/commit/83e95d78d98a6ccf26e00a7a444c6ba246c1e3c7,https://github.com/vizual1/opt-repo-cpp/tree/main/data/patch/quick-lint_quick-lint-js_83e95d78d98a6ccf26e00a7a444c6ba246c1e3c7.patch
https://github.com/quick-lint/quick-lint-js/commit/857decdf5a197fb26fc7feb357308dcfd0fb5b32,https://github.com/vizual1/opt-repo-cpp/tree/main/data/patch/quick-lint_quick-lint-js_857decdf5a197fb26fc7feb357308dcfd0fb5b32.patch
https://github.com/quick-lint/quick-lint-js/commit/8fe55673f2c145477bbc5e9cb07e7ec292146025,https://github.com/vizual1/opt-repo-cpp/tree/main/data/patch/quick-lint_quick-lint-js_8fe55673f2c145477bbc5e9cb07e7ec292146025.patch
https://github.com/quick-lint/quick-lint-js/commit/9b08181d95645225a076a04a718db89fbe4fe43f,https://github.com/vizual1/opt-repo-cpp/tree/main/data/patch/quick-lint_quick-lint-js_9b08181d95645225a076a04a718db89fbe4fe43f.patch
https://github.com/quick-lint/quick-lint-js/commit/9b3ee2bc117380654201a1366246f95b2fd07d1a,https://github.com/vizual1/opt-repo-cpp/tree/main/data/patch/quick-lint_quick-lint-js_9b3ee2bc117380654201a1366246f95b2fd07d1a.patch
https://github.com/quick-lint/quick-lint-js/commit/9d96b4c54c81fc95f1094f129bf1fdc5db8d02e3,https://github.com/vizual1/opt-repo-cpp/tree/main/data/patch/quick-lint_quick-lint-js_9d96b4c54c81fc95f1094f129bf1fdc5db8d02e3.patch
https://github.com/quick-lint/quick-lint-js/commit/b0a0c24fe48ba59ca7bc77c076d7494a5f543590,https://github.com/vizual1/opt-repo-cpp/tree/main/data/patch/quick-lint_quick-lint-js_b0a0c24fe48ba59ca7bc77c076d7494a5f543590.patch
https://github.com/quick-lint/quick-lint-js/commit/beb8fead02f30d60259bc0c9020a4d5c8356a55d,https://github.com/vizual1/opt-repo-cpp/tree/main/data/patch/quick-lint_quick-lint-js_beb8fead02f30d60259bc0c9020a4d5c8356a55d.patch
https://github.com/quick-lint/quick-lint-js/commit/caf0f6b8612cb81a31c994e5684c0dd59c3a1fed,https://github.com/vizual1/opt-repo-cpp/tree/main/data/patch/quick-lint_quick-lint-js_caf0f6b8612cb81a31c994e5684c0dd59c3a1fed.patch
https://github.com/quick-lint/quick-lint-js/commit/e6d30b3a618de79dae40a9d74d8dbee13306b53d,https://github.com/vizual1/opt-repo-cpp/tree/main/data/patch/quick-lint_quick-lint-js_e6d30b3a618de79dae40a9d74d8dbee13306b53d.patch
https://github.com/quick-lint/quick-lint-js/commit/ed47d626a3ca6038a894dee99ee9610da121053c,https://github.com/vizual1/opt-repo-cpp/tree/main/data/patch/quick-lint_quick-lint-js_ed47d626a3ca6038a894dee99ee9610da121053c.patch
https://github.com/quick-lint/quick-lint-js/commit/ee1eb18a769341611ca3f142f97a21b547a7c0f5,https://github.com/vizual1/opt-repo-cpp/tree/main/data/patch/quick-lint_quick-lint-js_ee1eb18a769341611ca3f142f97a21b547a7c0f5.patch
https://github.com/quick-lint/quick-lint-js/commit/f687629c6d9836aff4af7d8c7c31da18f2c2a313,https://github.com/vizual1/opt-repo-cpp/tree/main/data/patch/quick-lint_quick-lint-js_f687629c6d9836aff4af7d8c7c31da18f2c2a313.patch
https://github.com/quick-lint/quick-lint-js/commit/f6fd6f484c7a37c3b837759b2a7fc092882259ec,https://github.com/vizual1/opt-repo-cpp/tree/main/data/patch/quick-lint_quick-lint-js_f6fd6f484c7a37c3b837759b2a7fc092882259ec.patch
https://github.com/quick-lint/quick-lint-js/commit/ffc0b0b9f053d0bac25483c4fc685f794e86fd41,https://github.com/vizual1/opt-repo-cpp/tree/main/data/patch/quick-lint_quick-lint-js_ffc0b0b9f053d0bac25483c4fc685f794e86fd41.patch
https://github.com/rbock/sqlpp11/commit/b445f24b24fee7727ebd1c126851078e7e0d04fe,https://github.com/vizual1/opt-repo-cpp/tree/main/data/patch/rbock_sqlpp11_b445f24b24fee7727ebd1c126851078e7e0d04fe.patch
https://github.com/reo7sp/tgbot-cpp/commit/775291f5e4debfb50174698e5cd4116779cae487,https://github.com/vizual1/opt-repo-cpp/tree/main/data/patch/reo7sp_tgbot-cpp_775291f5e4debfb50174698e5cd4116779cae487.patch
https://github.com/ridiculousfish/libdivide/commit/1978f27f712c4125c0d4dc3707f51fcf82fa1a93,https://github.com/vizual1/opt-repo-cpp/tree/main/data/patch/ridiculousfish_libdivide_1978f27f712c4125c0d4dc3707f51fcf82fa1a93.patch
https://github.com/ridiculousfish/libdivide/commit/61ae9cb48e6f17526e78202c8dc319f6f1dd2302,https://github.com/vizual1/opt-repo-cpp/tree/main/data/patch/ridiculousfish_libdivide_61ae9cb48e6f17526e78202c8dc319f6f1dd2302.patch
https://github.com/taocpp/pegtl/commit/2644f514ff0b4cf21168851dd1a39b780e794b68,https://github.com/vizual1/opt-repo-cpp/tree/main/data/patch/taocpp_pegtl_2644f514ff0b4cf21168851dd1a39b780e794b68.patch
https://github.com/tensor-compiler/taco/commit/9b1450cd29bb28cb8f9829ceae809c804fcb8f96,https://github.com/vizual1/opt-repo-cpp/tree/main/data/patch/tensor-compiler_taco_9b1450cd29bb28cb8f9829ceae809c804fcb8f96.patch
https://github.com/wisdompeak/leetcode/commit/287f55040eb1e3b3fb57819203bef1dd6a1f6c97,https://github.com/vizual1/opt-repo-cpp/tree/main/data/patch/wisdompeak_leetcode_287f55040eb1e3b3fb57819203bef1dd6a1f6c97.patch
https://github.com/wisdompeak/leetcode/commit/51046c0518f3ef08a135d576965a1f96591a874d,https://github.com/vizual1/opt-repo-cpp/tree/main/data/patch/wisdompeak_leetcode_51046c0518f3ef08a135d576965a1f96591a874d.patch
https://github.com/wisdompeak/leetcode/commit/58bd4be1c1010116d858e439bd82efae3222c49d,https://github.com/vizual1/opt-repo-cpp/tree/main/data/patch/wisdompeak_leetcode_58bd4be1c1010116d858e439bd82efae3222c49d.patch
https://github.com/wisdompeak/leetcode/commit/9b7d58e500050fa36f00131fd2248380a563292d,https://github.com/vizual1/opt-repo-cpp/tree/main/data/patch/wisdompeak_leetcode_9b7d58e500050fa36f00131fd2248380a563292d.patch
https://github.com/wisdompeak/leetcode/commit/c30a5cc13e1770b2521812589d3b26b0b7b9bcff,https://github.com/vizual1/opt-repo-cpp/tree/main/data/patch/wisdompeak_leetcode_c30a5cc13e1770b2521812589d3b26b0b7b9bcff.patch
https://github.com/wisdompeak/leetcode/commit/d6f391a2919b49e057df7eb42131d6762f75de78,https://github.com/vizual1/opt-repo-cpp/tree/main/data/patch/wisdompeak_leetcode_d6f391a2919b49e057df7eb42131d6762f75de78.patch
https://github.com/wisdompeak/leetcode/commit/fe1779dad26a694c4a3b5e22f9ed4bcf2593e5d3,https://github.com/vizual1/opt-repo-cpp/tree/main/data/patch/wisdompeak_leetcode_fe1779dad26a694c4a3b5e22f9ed4bcf2593e5d3.patch
https://github.com/xtensor-stack/xsimd/commit/062d70cd695fe442b95b14d48ea21e33db5cc0ea,https://github.com/vizual1/opt-repo-cpp/tree/main/data/patch/xtensor-stack_xsimd_062d70cd695fe442b95b14d48ea21e33db5cc0ea.patch
https://github.com/xtensor-stack/xsimd/commit/068b5763f0c8b129dc1720acf076069452147d35,https://github.com/vizual1/opt-repo-cpp/tree/main/data/patch/xtensor-stack_xsimd_068b5763f0c8b129dc1720acf076069452147d35.patch
https://github.com/xtensor-stack/xsimd/commit/13fdd96c64a6b1f43e02f24b71a14f79df3f573b,https://github.com/vizual1/opt-repo-cpp/tree/main/data/patch/xtensor-stack_xsimd_13fdd96c64a6b1f43e02f24b71a14f79df3f573b.patch
https://github.com/xtensor-stack/xsimd/commit/297dd76efd0978b3152e5bbd7df9d52680905c4b,https://github.com/vizual1/opt-repo-cpp/tree/main/data/patch/xtensor-stack_xsimd_297dd76efd0978b3152e5bbd7df9d52680905c4b.patch
https://github.com/xtensor-stack/xsimd/commit/3639635cc12fa2a478cf4026c706eb1178a95c4c,https://github.com/vizual1/opt-repo-cpp/tree/main/data/patch/xtensor-stack_xsimd_3639635cc12fa2a478cf4026c706eb1178a95c4c.patch
https://github.com/xtensor-stack/xsimd/commit/36aef0105ec605ae494de7e07a80bd29b696be39,https://github.com/vizual1/opt-repo-cpp/tree/main/data/patch/xtensor-stack_xsimd_36aef0105ec605ae494de7e07a80bd29b696be39.patch
https://github.com/xtensor-stack/xsimd/commit/3b05fd63c808807ca300b9c9e6753bd29c4522bc,https://github.com/vizual1/opt-repo-cpp/tree/main/data/patch/xtensor-stack_xsimd_3b05fd63c808807ca300b9c9e6753bd29c4522bc.patch
https://github.com/xtensor-stack/xsimd/commit/401e149d056e53ee7e96c7270fd1375aa56fd75c,https://github.com/vizual1/opt-repo-cpp/tree/main/data/patch/xtensor-stack_xsimd_401e149d056e53ee7e96c7270fd1375aa56fd75c.patch
https://github.com/xtensor-stack/xsimd/commit/442775796368068ce26abb953fdb2eb9e2ec028d,https://github.com/vizual1/opt-repo-cpp/tree/main/data/patch/xtensor-stack_xsimd_442775796368068ce26abb953fdb2eb9e2ec028d.patch
https://github.com/xtensor-stack/xsimd/commit/44808ffe5452621c060a330f48ff7be1667100ff,https://github.com/vizual1/opt-repo-cpp/tree/main/data/patch/xtensor-stack_xsimd_44808ffe5452621c060a330f48ff7be1667100ff.patch
https://github.com/xtensor-stack/xsimd/commit/45cbf4bd35dff1c6373f51fb1591a1c5015f65c3,https://github.com/vizual1/opt-repo-cpp/tree/main/data/patch/xtensor-stack_xsimd_45cbf4bd35dff1c6373f51fb1591a1c5015f65c3.patch
https://github.com/xtensor-stack/xsimd/commit/59c407d500534db7299c7b6e3ae9c92fe6cba561,https://github.com/vizual1/opt-repo-cpp/tree/main/data/patch/xtensor-stack_xsimd_59c407d500534db7299c7b6e3ae9c92fe6cba561.patch
https://github.com/xtensor-stack/xsimd/commit/609ae41b59dd93643bc3653a07732df84d1075a9,https://github.com/vizual1/opt-repo-cpp/tree/main/data/patch/xtensor-stack_xsimd_609ae41b59dd93643bc3653a07732df84d1075a9.patch
https://github.com/xtensor-stack/xsimd/commit/60a8f278965b3e024a33f587d66b7875a29db137,https://github.com/vizual1/opt-repo-cpp/tree/main/data/patch/xtensor-stack_xsimd_60a8f278965b3e024a33f587d66b7875a29db137.patch
https://github.com/xtensor-stack/xsimd/commit/6280185d34e7d6549982b349b0191b237be739d2,https://github.com/vizual1/opt-repo-cpp/tree/main/data/patch/xtensor-stack_xsimd_6280185d34e7d6549982b349b0191b237be739d2.patch
https://github.com/xtensor-stack/xsimd/commit/729a97a86b13fd6d3a30aed1f91add1a1a16d20e,https://github.com/vizual1/opt-repo-cpp/tree/main/data/patch/xtensor-stack_xsimd_729a97a86b13fd6d3a30aed1f91add1a1a16d20e.patch
https://github.com/xtensor-stack/xsimd/commit/73989d9def28a29cb33da6702f6ece98bc87b0e4,https://github.com/vizual1/opt-repo-cpp/tree/main/data/patch/xtensor-stack_xsimd_73989d9def28a29cb33da6702f6ece98bc87b0e4.patch
https://github.com/xtensor-stack/xsimd/commit/76e9d8be497a93b1e11cb8875caf03e820b5a3f7,https://github.com/vizual1/opt-repo-cpp/tree/main/data/patch/xtensor-stack_xsimd_76e9d8be497a93b1e11cb8875caf03e820b5a3f7.patch
https://github.com/xtensor-stack/xsimd/commit/7a7a51fa065575378bccb0ff2007ce2657fd527a,https://github.com/vizual1/opt-repo-cpp/tree/main/data/patch/xtensor-stack_xsimd_7a7a51fa065575378bccb0ff2007ce2657fd527a.patch
https://github.com/xtensor-stack/xsimd/commit/7d1778c3b38d63db7cec7145d939f40bc5d859d1,https://github.com/vizual1/opt-repo-cpp/tree/main/data/patch/xtensor-stack_xsimd_7d1778c3b38d63db7cec7145d939f40bc5d859d1.patch
https://github.com/xtensor-stack/xsimd/commit/8724c8ef9d3173d5f31e0531a881d04af7bba783,https://github.com/vizual1/opt-repo-cpp/tree/main/data/patch/xtensor-stack_xsimd_8724c8ef9d3173d5f31e0531a881d04af7bba783.patch
https://github.com/xtensor-stack/xsimd/commit/8c4026bebc156f0a6420ebfd369feca4ce90f56d,https://github.com/vizual1/opt-repo-cpp/tree/main/data/patch/xtensor-stack_xsimd_8c4026bebc156f0a6420ebfd369feca4ce90f56d.patch
https://github.com/xtensor-stack/xsimd/commit/90aafebbafb004d8d85ddce6284eee28cea7b805,https://github.com/vizual1/opt-repo-cpp/tree/main/data/patch/xtensor-stack_xsimd_90aafebbafb004d8d85ddce6284eee28cea7b805.patch
https://github.com/xtensor-stack/xsimd/commit/98a348fe741f2439d82c7561f4759a73895c9afc,https://github.com/vizual1/opt-repo-cpp/tree/main/data/patch/xtensor-stack_xsimd_98a348fe741f2439d82c7561f4759a73895c9afc.patch
https://github.com/xtensor-stack/xsimd/commit/a133a02900b0fdb15e86540f4646c6141caa49b4,https://github.com/vizual1/opt-repo-cpp/tree/main/data/patch/xtensor-stack_xsimd_a133a02900b0fdb15e86540f4646c6141caa49b4.patch
https://github.com/xtensor-stack/xsimd/commit/a64ba76ad00d7770e1601e7412b5d86470bcb9d8,https://github.com/vizual1/opt-repo-cpp/tree/main/data/patch/xtensor-stack_xsimd_a64ba76ad00d7770e1601e7412b5d86470bcb9d8.patch
https://github.com/xtensor-stack/xsimd/commit/abd9a8af6ab9a6c4ea35d41998edb7edefbb58bf,https://github.com/vizual1/opt-repo-cpp/tree/main/data/patch/xtensor-stack_xsimd_abd9a8af6ab9a6c4ea35d41998edb7edefbb58bf.patch
https://github.com/xtensor-stack/xsimd/commit/bb5dd63dbadc6c03a64f12413aeabbb210a789db,https://github.com/vizual1/opt-repo-cpp/tree/main/data/patch/xtensor-stack_xsimd_bb5dd63dbadc6c03a64f12413aeabbb210a789db.patch
https://github.com/xtensor-stack/xsimd/commit/bde4df7394ccc920aeafc6689aa2d28d8ab7e518,https://github.com/vizual1/opt-repo-cpp/tree/main/data/patch/xtensor-stack_xsimd_bde4df7394ccc920aeafc6689aa2d28d8ab7e518.patch
https://github.com/xtensor-stack/xsimd/commit/c5180e768342c57e0f0a2e3ab21fc2d32ca60506,https://github.com/vizual1/opt-repo-cpp/tree/main/data/patch/xtensor-stack_xsimd_c5180e768342c57e0f0a2e3ab21fc2d32ca60506.patch
https://github.com/xtensor-stack/xsimd/commit/c6f7be6066b7f62018b53aa4414edc64ecc25859,https://github.com/vizual1/opt-repo-cpp/tree/main/data/patch/xtensor-stack_xsimd_c6f7be6066b7f62018b53aa4414edc64ecc25859.patch
https://github.com/xtensor-stack/xsimd/commit/d729cb15f67e52c7b320ea7931c90ebb282413c3,https://github.com/vizual1/opt-repo-cpp/tree/main/data/patch/xtensor-stack_xsimd_d729cb15f67e52c7b320ea7931c90ebb282413c3.patch
https://github.com/xtensor-stack/xsimd/commit/de33b267889efff08dac8d1d8d5a4c71046d5a01,https://github.com/vizual1/opt-repo-cpp/tree/main/data/patch/xtensor-stack_xsimd_de33b267889efff08dac8d1d8d5a4c71046d5a01.patch
https://github.com/xtensor-stack/xsimd/commit/ead07427834c82aac105d36b8671abbe915c441c,https://github.com/vizual1/opt-repo-cpp/tree/main/data/patch/xtensor-stack_xsimd_ead07427834c82aac105d36b8671abbe915c441c.patch
https://github.com/xtensor-stack/xsimd/commit/ee19a396eddae073e7c73a06abfebb898b6c84b3,https://github.com/vizual1/opt-repo-cpp/tree/main/data/patch/xtensor-stack_xsimd_ee19a396eddae073e7c73a06abfebb898b6c84b3.patch
https://github.com/xtensor-stack/xsimd/commit/f9d3b5dbea6f6995af64b5e3232f5d9071f0cbcf,https://github.com/vizual1/opt-repo-cpp/tree/main/data/patch/xtensor-stack_xsimd_f9d3b5dbea6f6995af64b5e3232f5d9071f0cbcf.patch
https://github.com/xtensor-stack/xsimd/commit/fb250213fd8c2db857fa0db05eea9b09fb1fe764,https://github.com/vizual1/opt-repo-cpp/tree/main/data/patch/xtensor-stack_xsimd_fb250213fd8c2db857fa0db05eea9b09fb1fe764.patch
https://github.com/yhirose/cpp-peglib/commit/b85606ce2e1ac327c0c814fdd20d67a20f4e3526,https://github.com/vizual1/opt-repo-cpp/tree/main/data/patch/yhirose_cpp-peglib_b85606ce2e1ac327c0c814fdd20d67a20f4e3526.patch
https://github.com/zeux/pugixml/commit/58616a29aa278048acc583163fa418e7e70d4f00,https://github.com/vizual1/opt-repo-cpp/tree/main/data/patch/zeux_pugixml_58616a29aa278048acc583163fa418e7e70d4f00.patch
https://github.com/zeux/pugixml/commit/dfb2b7f7b46d95d0ae8c17badbf14445db486431,https://github.com/vizual1/opt-repo-cpp/tree/main/data/patch/zeux_pugixml_dfb2b7f7b46d95d0ae8c17badbf14445db486431.patch
https://github.com/zeux/pugixml/commit/f388c465ddff7bb0cac473a0573521295fa55736,https://github.com/vizual1/opt-repo-cpp/tree/main/data/patch/zeux_pugixml_f388c465ddff7bb0cac473a0573521295fa55736.patch
https://github.com/zxing-cpp/zxing-cpp/commit/146a693a904297d7ea7fa40ee56b726a22a78207,https://github.com/vizual1/opt-repo-cpp/tree/main/data/patch/zxing-cpp_zxing-cpp_146a693a904297d7ea7fa40ee56b726a22a78207.patch
https://github.com/zxing-cpp/zxing-cpp/commit/19470ad786d534ba78025ae88b82013820721c26,https://github.com/vizual1/opt-repo-cpp/tree/main/data/patch/zxing-cpp_zxing-cpp_19470ad786d534ba78025ae88b82013820721c26.patch
https://github.com/zxing-cpp/zxing-cpp/commit/3102a3b209981484326b0bff0c3e36dc31f87f7f,https://github.com/vizual1/opt-repo-cpp/tree/main/data/patch/zxing-cpp_zxing-cpp_3102a3b209981484326b0bff0c3e36dc31f87f7f.patch
https://github.com/zxing-cpp/zxing-cpp/commit/42a4aa786bbd87e5f9177c0a3f1f126d1ae3d5cc,https://github.com/vizual1/opt-repo-cpp/tree/main/data/patch/zxing-cpp_zxing-cpp_42a4aa786bbd87e5f9177c0a3f1f126d1ae3d5cc.patch
https://github.com/zxing-cpp/zxing-cpp/commit/4fb11b43c36e017b63440cad1c0c8ccc7c532a2b,https://github.com/vizual1/opt-repo-cpp/tree/main/data/patch/zxing-cpp_zxing-cpp_4fb11b43c36e017b63440cad1c0c8ccc7c532a2b.patch
https://github.com/zxing-cpp/zxing-cpp/commit/519b005c333f24f438333171dfc29c3c5ceae265,https://github.com/vizual1/opt-repo-cpp/tree/main/data/patch/zxing-cpp_zxing-cpp_519b005c333f24f438333171dfc29c3c5ceae265.patch
https://github.com/zxing-cpp/zxing-cpp/commit/6672f64b00f89ba0d37b04e95ca1feeafa9c33d4,https://github.com/vizual1/opt-repo-cpp/tree/main/data/patch/zxing-cpp_zxing-cpp_6672f64b00f89ba0d37b04e95ca1feeafa9c33d4.patch
https://github.com/zxing-cpp/zxing-cpp/commit/7834f83ddc59102efd9d2081eb4d4a685349ffbe,https://github.com/vizual1/opt-repo-cpp/tree/main/data/patch/zxing-cpp_zxing-cpp_7834f83ddc59102efd9d2081eb4d4a685349ffbe.patch
https://github.com/zxing-cpp/zxing-cpp/commit/820fda69d7e1843f79b1389aba6e8d292d6a5436,https://github.com/vizual1/opt-repo-cpp/tree/main/data/patch/zxing-cpp_zxing-cpp_820fda69d7e1843f79b1389aba6e8d292d6a5436.patch
https://github.com/zxing-cpp/zxing-cpp/commit/85705c2446c08f031ff30c2ee8c7423f7864edcf,https://github.com/vizual1/opt-repo-cpp/tree/main/data/patch/zxing-cpp_zxing-cpp_85705c2446c08f031ff30c2ee8c7423f7864edcf.patch
https://github.com/zxing-cpp/zxing-cpp/commit/88f138cb748f53d5f80dd076ede66b4f9d87d9b6,https://github.com/vizual1/opt-repo-cpp/tree/main/data/patch/zxing-cpp_zxing-cpp_88f138cb748f53d5f80dd076ede66b4f9d87d9b6.patch
https://github.com/zxing-cpp/zxing-cpp/commit/88f3a18c39fabfd008985b7885cdc8cfe9975330,https://github.com/vizual1/opt-repo-cpp/tree/main/data/patch/zxing-cpp_zxing-cpp_88f3a18c39fabfd008985b7885cdc8cfe9975330.patch
https://github.com/zxing-cpp/zxing-cpp/commit/9a8575977ca32f3b583154065b28b11842cea58b,https://github.com/vizual1/opt-repo-cpp/tree/main/data/patch/zxing-cpp_zxing-cpp_9a8575977ca32f3b583154065b28b11842cea58b.patch
https://github.com/zxing-cpp/zxing-cpp/commit/b3b03ed039c17ffcb57a594fd7904d76d5d061d4,https://github.com/vizual1/opt-repo-cpp/tree/main/data/patch/zxing-cpp_zxing-cpp_b3b03ed039c17ffcb57a594fd7904d76d5d061d4.patch
https://github.com/zxing-cpp/zxing-cpp/commit/b94c098ec64e2220227431d11d6f604b60b8b31a,https://github.com/vizual1/opt-repo-cpp/tree/main/data/patch/zxing-cpp_zxing-cpp_b94c098ec64e2220227431d11d6f604b60b8b31a.patch
https://github.com/zxing-cpp/zxing-cpp/commit/d2ed8152aa866714348ffb712672d38b64f030b7,https://github.com/vizual1/opt-repo-cpp/tree/main/data/patch/zxing-cpp_zxing-cpp_d2ed8152aa866714348ffb712672d38b64f030b7.patch
https://github.com/zxing-cpp/zxing-cpp/commit/eea0a8f986ba9527eb3e543386635d3e5f5df891,https://github.com/vizual1/opt-repo-cpp/tree/main/data/patch/zxing-cpp_zxing-cpp_eea0a8f986ba9527eb3e543386635d3e5f5df891.patch
https://github.com/zxing-cpp/zxing-cpp/commit/f0211a481d7f0a32593d75ca8895d8ec9f91e62d,https://github.com/vizual1/opt-repo-cpp/tree/main/data/patch/zxing-cpp_zxing-cpp_f0211a481d7f0a32593d75ca8895d8ec9f91e62d.patch
https://github.com/zxing-cpp/zxing-cpp/commit/f323f1ebea701ef351a14eacb2dccd5284d57184,https://github.com/vizual1/opt-repo-cpp/tree/main/data/patch/zxing-cpp_zxing-cpp_f323f1ebea701ef351a14eacb2dccd5284d57184.patch
https://github.com/zxing-cpp/zxing-cpp/commit/fbabd63fc8676c9ee97b29fc0853f7d6aa2bac28,https://github.com/vizual1/opt-repo-cpp/tree/main/data/patch/zxing-cpp_zxing-cpp_fbabd63fc8676c9ee97b29fc0853f7d6aa2bac28.patch
https://github.com/zxing-cpp/zxing-cpp/commit/fc1c188d3705cd4816164455055fd3a0d93babe4,https://github.com/vizual1/opt-repo-cpp/tree/main/data/patch/zxing-cpp_zxing-cpp_fc1c188d3705cd4816164455055fd3a0d93babe4.patch
